ID;Modalitat;Prioritat;Colla_ID;anys_sense_captura;adjudicats;nova_prioritat;nou_anys_sense_captura;any
1;A;3;Colla_1;0;0;2;1;1
2;A;3;Colla_1;0;0;2;1;1
3;A;3;Colla_1;0;0;2;1;1
4;A;3;Colla_1;0;1;4;0;1
5;A;3;Colla_1;0;1;4;0;1
6;A;3;Colla_1;0;0;2;1;1
7;A;3;Colla_1;0;1;4;0;1
8;A;3;Colla_1;0;0;2;1;1
9;A;3;Colla_1;0;1;4;0;1
10;A;3;Colla_2;0;0;2;1;1
11;A;3;Colla_2;0;0;2;1;1
12;A;3;Colla_2;0;0;2;1;1
13;A;3;Colla_2;0;1;4;0;1
14;A;3;Colla_2;0;0;2;1;1
15;A;3;Colla_2;0;1;4;0;1
16;A;3;Colla_2;0;1;4;0;1
17;A;3;Colla_2;0;1;4;0;1
18;A;3;Colla_2;0;0;2;1;1
19;A;3;Colla_2;0;0;2;1;1
20;A;3;Colla_2;0;0;2;1;1
21;A;3;Colla_2;0;0;2;1;1
22;A;3;Colla_2;0;1;4;0;1
23;A;3;Colla_2;0;1;4;0;1
24;A;3;Colla_2;0;0;2;1;1
25;A;3;Colla_3;0;0;2;1;1
26;A;3;Colla_3;0;0;2;1;1
27;A;3;Colla_3;0;1;4;0;1
28;A;3;Colla_3;0;1;4;0;1
29;A;3;Colla_3;0;0;2;1;1
30;A;3;Colla_3;0;1;4;0;1
31;A;3;Colla_3;0;1;4;0;1
32;A;3;Colla_3;0;0;2;1;1
33;A;3;Colla_3;0;0;2;1;1
34;A;3;Colla_3;0;0;2;1;1
35;A;3;Colla_3;0;0;2;1;1
36;A;3;Colla_3;0;1;4;0;1
37;A;3;Colla_3;0;0;2;1;1
38;A;3;Colla_3;0;1;4;0;1
39;A;3;Colla_3;0;0;2;1;1
40;A;3;Colla_4;0;0;2;1;1
41;A;3;Colla_4;0;0;2;1;1
42;A;3;Colla_4;0;0;2;1;1
43;A;3;Colla_4;0;1;4;0;1
44;A;3;Colla_4;0;1;4;0;1
45;A;3;Colla_4;0;1;4;0;1
46;A;3;Colla_4;0;0;2;1;1
47;A;3;Colla_4;0;1;4;0;1
48;A;3;Colla_4;0;0;2;1;1
49;A;3;Colla_5;0;0;2;1;1
50;A;3;Colla_5;0;1;4;0;1
51;A;3;Colla_5;0;0;2;1;1
52;A;3;Colla_5;0;0;2;1;1
53;A;3;Colla_5;0;1;4;0;1
54;A;3;Colla_5;0;0;2;1;1
55;A;3;Colla_5;0;0;2;1;1
56;A;3;Colla_5;0;1;4;0;1
57;A;3;Colla_5;0;0;2;1;1
58;A;3;Colla_5;0;1;4;0;1
59;A;3;Colla_5;0;1;4;0;1
60;A;3;Colla_5;0;1;4;0;1
61;A;3;Colla_5;0;0;2;1;1
62;A;3;Colla_5;0;0;2;1;1
63;A;3;Colla_5;0;0;2;1;1
64;A;3;Colla_5;0;0;2;1;1
65;A;3;Colla_5;0;1;4;0;1
66;A;3;Colla_5;0;0;2;1;1
67;A;3;Colla_5;0;0;2;1;1
68;A;3;Colla_6;0;1;4;0;1
69;A;3;Colla_6;0;1;4;0;1
70;A;3;Colla_6;0;0;2;1;1
71;A;3;Colla_6;0;0;2;1;1
72;A;3;Colla_6;0;1;4;0;1
73;A;3;Colla_6;0;0;2;1;1
74;A;3;Colla_6;0;0;2;1;1
75;A;3;Colla_6;0;1;4;0;1
76;A;3;Colla_6;0;0;2;1;1
77;A;3;Colla_7;0;1;4;0;1
78;A;3;Colla_7;0;1;4;0;1
79;A;3;Colla_7;0;0;2;1;1
80;A;3;Colla_7;0;1;4;0;1
81;A;3;Colla_7;0;0;2;1;1
82;A;3;Colla_7;0;1;4;0;1
83;A;3;Colla_7;0;1;4;0;1
84;A;3;Colla_7;0;0;2;1;1
85;A;3;Colla_7;0;0;2;1;1
86;A;3;Colla_7;0;0;2;1;1
87;A;3;Colla_7;0;0;2;1;1
88;A;3;Colla_7;0;0;2;1;1
89;A;3;Colla_7;0;0;2;1;1
90;A;3;Colla_7;0;0;2;1;1
91;A;3;Colla_7;0;1;4;0;1
92;A;3;Colla_8;0;0;2;1;1
93;A;3;Colla_8;0;0;2;1;1
94;A;3;Colla_8;0;1;4;0;1
95;A;3;Colla_8;0;1;4;0;1
96;A;3;Colla_8;0;1;4;0;1
97;A;3;Colla_8;0;1;4;0;1
98;A;3;Colla_8;0;0;2;1;1
99;A;3;Colla_8;0;0;2;1;1
100;A;3;Colla_8;0;1;4;0;1
101;A;3;Colla_8;0;0;2;1;1
102;A;3;Colla_8;0;0;2;1;1
103;A;3;Colla_9;0;0;2;1;1
104;A;3;Colla_9;0;0;2;1;1
105;A;3;Colla_9;0;1;4;0;1
106;A;3;Colla_9;0;0;2;1;1
107;A;3;Colla_9;0;0;2;1;1
108;A;3;Colla_9;0;0;2;1;1
109;A;3;Colla_9;0;1;4;0;1
110;A;3;Colla_9;0;1;4;0;1
111;A;3;Colla_10;0;0;2;1;1
112;A;3;Colla_10;0;0;2;1;1
113;A;3;Colla_10;0;1;4;0;1
114;A;3;Colla_10;0;0;2;1;1
115;A;3;Colla_10;0;1;4;0;1
116;A;3;Colla_10;0;0;2;1;1
117;A;3;Colla_10;0;0;2;1;1
118;A;3;Colla_10;0;1;4;0;1
119;A;3;Colla_10;0;1;4;0;1
120;A;3;Colla_10;0;1;4;0;1
121;A;3;Colla_10;0;1;4;0;1
122;A;3;Colla_10;0;1;4;0;1
123;A;3;Colla_10;0;0;2;1;1
124;A;3;Colla_10;0;0;2;1;1
125;A;3;Colla_10;0;0;2;1;1
126;A;3;Colla_10;0;0;2;1;1
127;A;3;Colla_10;0;1;4;0;1
128;A;3;Colla_10;0;0;2;1;1
129;A;3;Colla_10;0;0;2;1;1
130;A;3;Colla_11;0;0;2;1;1
131;A;3;Colla_11;0;1;4;0;1
132;A;3;Colla_11;0;0;2;1;1
133;A;3;Colla_11;0;0;2;1;1
134;A;3;Colla_11;0;1;4;0;1
135;A;3;Colla_11;0;0;2;1;1
136;A;3;Colla_11;0;0;2;1;1
137;A;3;Colla_11;0;1;4;0;1
138;A;3;Colla_11;0;1;4;0;1
139;A;3;Colla_11;0;1;4;0;1
140;A;3;Colla_11;0;1;4;0;1
141;A;3;Colla_11;0;0;2;1;1
142;A;3;Colla_11;0;0;2;1;1
143;A;3;Colla_11;0;1;4;0;1
144;A;3;Colla_11;0;1;4;0;1
145;A;3;Colla_11;0;0;2;1;1
146;A;3;Colla_11;0;0;2;1;1
147;A;3;Colla_11;0;0;2;1;1
148;A;3;Colla_11;0;0;2;1;1
149;A;3;Colla_11;0;0;2;1;1
150;A;3;Colla_12;0;0;2;1;1
151;A;3;Colla_12;0;0;2;1;1
152;A;3;Colla_12;0;0;2;1;1
153;A;3;Colla_12;0;1;4;0;1
154;A;3;Colla_12;0;1;4;0;1
155;A;3;Colla_12;0;0;2;1;1
156;A;3;Colla_12;0;1;4;0;1
157;A;3;Colla_12;0;0;2;1;1
158;A;3;Colla_12;0;1;4;0;1
159;A;3;Colla_12;0;0;2;1;1
160;A;3;Colla_12;0;1;4;0;1
161;A;3;Colla_13;0;1;4;0;1
162;A;3;Colla_13;0;0;2;1;1
163;A;3;Colla_13;0;1;4;0;1
164;A;3;Colla_13;0;0;2;1;1
165;A;3;Colla_13;0;0;2;1;1
166;A;3;Colla_13;0;0;2;1;1
167;A;3;Colla_13;0;0;2;1;1
168;A;3;Colla_13;0;1;4;0;1
169;A;3;Colla_13;0;0;2;1;1
170;A;3;Colla_13;0;0;2;1;1
171;A;3;Colla_13;0;1;4;0;1
172;A;3;Colla_13;0;0;2;1;1
173;A;3;Colla_13;0;0;2;1;1
174;A;3;Colla_13;0;1;4;0;1
175;A;3;Colla_13;0;1;4;0;1
176;B;3;;0;1;4;0;1
177;B;3;;0;1;4;0;1
178;B;3;;0;1;4;0;1
179;B;3;;0;0;2;1;1
180;B;3;;0;0;2;1;1
181;B;3;;0;0;2;1;1
182;B;3;;0;0;2;1;1
183;B;3;;0;0;2;1;1
184;B;3;;0;1;4;0;1
185;B;3;;0;1;4;0;1
186;B;3;;0;1;4;0;1
187;B;3;;0;0;2;1;1
188;B;3;;0;1;4;0;1
189;B;3;;0;0;2;1;1
190;B;3;;0;0;2;1;1
191;B;3;;0;0;2;1;1
192;B;3;;0;1;4;0;1
193;B;3;;0;1;4;0;1
194;B;3;;0;0;2;1;1
195;B;3;;0;1;4;0;1
196;B;3;;0;0;2;1;1
197;B;3;;0;1;4;0;1
198;B;3;;0;0;2;1;1
199;B;3;;0;0;2;1;1
200;B;3;;0;0;2;1;1
201;B;3;;0;0;2;1;1
202;B;3;;0;1;4;0;1
203;B;3;;0;0;2;1;1
204;B;3;;0;0;2;1;1
205;B;3;;0;1;4;0;1
206;B;3;;0;0;2;1;1
207;B;3;;0;0;2;1;1
208;B;3;;0;0;2;1;1
209;B;3;;0;0;2;1;1
210;B;3;;0;0;2;1;1
211;B;3;;0;0;2;1;1
212;B;3;;0;0;2;1;1
213;B;3;;0;0;2;1;1
214;B;3;;0;0;2;1;1
215;B;3;;0;0;2;1;1
216;B;3;;0;0;2;1;1
217;B;3;;0;1;4;0;1
218;B;3;;0;1;4;0;1
219;B;3;;0;1;4;0;1
220;B;3;;0;0;2;1;1
221;B;3;;0;0;2;1;1
222;B;3;;0;0;2;1;1
223;B;3;;0;0;2;1;1
224;B;3;;0;0;2;1;1
225;B;3;;0;0;2;1;1
226;B;3;;0;0;2;1;1
227;B;3;;0;0;2;1;1
228;B;3;;0;1;4;0;1
229;B;3;;0;0;2;1;1
230;B;3;;0;1;4;0;1
231;B;3;;0;0;2;1;1
232;B;3;;0;0;2;1;1
233;B;3;;0;1;4;0;1
234;B;3;;0;0;2;1;1
235;B;3;;0;0;2;1;1
236;B;3;;0;0;2;1;1
237;B;3;;0;0;2;1;1
238;B;3;;0;0;2;1;1
239;B;3;;0;0;2;1;1
240;B;3;;0;0;2;1;1
241;B;3;;0;0;2;1;1
242;B;3;;0;0;2;1;1
243;B;3;;0;1;4;0;1
244;B;3;;0;0;2;1;1
245;B;3;;0;1;4;0;1
246;B;3;;0;0;2;1;1
247;B;3;;0;1;4;0;1
248;B;3;;0;1;4;0;1
249;B;3;;0;1;4;0;1
250;B;3;;0;1;4;0;1
251;B;3;;0;1;4;0;1
252;B;3;;0;0;2;1;1
253;B;3;;0;0;2;1;1
254;B;3;;0;1;4;0;1
255;B;3;;0;0;2;1;1
256;B;3;;0;0;2;1;1
257;B;3;;0;0;2;1;1
258;B;3;;0;1;4;0;1
259;B;3;;0;0;2;1;1
260;B;3;;0;0;2;1;1
261;B;3;;0;0;2;1;1
262;B;3;;0;0;2;1;1
263;B;3;;0;1;4;0;1
264;B;3;;0;0;2;1;1
265;B;3;;0;1;4;0;1
266;B;3;;0;1;4;0;1
267;B;3;;0;1;4;0;1
268;B;3;;0;0;2;1;1
269;B;3;;0;0;2;1;1
270;B;3;;0;1;4;0;1
271;B;3;;0;1;4;0;1
272;B;3;;0;1;4;0;1
273;B;3;;0;1;4;0;1
274;B;3;;0;1;4;0;1
275;B;3;;0;0;2;1;1
276;B;3;;0;0;2;1;1
277;B;3;;0;0;2;1;1
278;B;3;;0;1;4;0;1
279;B;3;;0;1;4;0;1
280;B;3;;0;0;2;1;1
281;B;3;;0;1;4;0;1
282;B;3;;0;0;2;1;1
283;B;3;;0;1;4;0;1
284;B;3;;0;1;4;0;1
285;B;3;;0;1;4;0;1
286;B;3;;0;1;4;0;1
287;B;3;;0;0;2;1;1
288;B;3;;0;1;4;0;1
289;B;3;;0;1;4;0;1
290;B;3;;0;1;4;0;1
291;B;3;;0;0;2;1;1
292;B;3;;0;1;4;0;1
293;B;3;;0;1;4;0;1
294;B;3;;0;0;2;1;1
295;B;3;;0;0;2;1;1
296;B;3;;0;1;4;0;1
297;B;3;;0;1;4;0;1
298;B;3;;0;0;2;1;1
299;B;3;;0;1;4;0;1
300;B;3;;0;1;4;0;1
301;B;3;;0;0;2;1;1
302;B;3;;0;0;2;1;1
303;B;3;;0;0;2;1;1
304;B;3;;0;0;2;1;1
305;B;3;;0;0;2;1;1
306;B;3;;0;1;4;0;1
307;B;3;;0;0;2;1;1
308;B;3;;0;0;2;1;1
309;B;3;;0;0;2;1;1
310;B;3;;0;0;2;1;1
311;B;3;;0;0;2;1;1
312;B;3;;0;0;2;1;1
313;B;3;;0;1;4;0;1
314;B;3;;0;0;2;1;1
315;B;3;;0;0;2;1;1
316;B;3;;0;1;4;0;1
317;B;3;;0;1;4;0;1
318;B;3;;0;0;2;1;1
319;B;3;;0;1;4;0;1
320;B;3;;0;0;2;1;1
321;B;3;;0;0;2;1;1
322;B;3;;0;0;2;1;1
323;B;3;;0;1;4;0;1
324;B;3;;0;1;4;0;1
325;B;3;;0;0;2;1;1
326;B;3;;0;1;4;0;1
327;B;3;;0;0;2;1;1
328;B;3;;0;0;2;1;1
329;B;3;;0;0;2;1;1
330;B;3;;0;1;4;0;1
331;B;3;;0;0;2;1;1
332;B;3;;0;0;2;1;1
333;B;3;;0;0;2;1;1
334;B;3;;0;1;4;0;1
335;B;3;;0;1;4;0;1
336;B;3;;0;0;2;1;1
337;B;3;;0;1;4;0;1
338;B;3;;0;0;2;1;1
339;B;3;;0;0;2;1;1
340;B;3;;0;0;2;1;1
341;B;3;;0;0;2;1;1
342;B;3;;0;1;4;0;1
343;B;3;;0;1;4;0;1
344;B;3;;0;0;2;1;1
345;B;3;;0;1;4;0;1
346;B;3;;0;1;4;0;1
347;B;3;;0;0;2;1;1
348;B;3;;0;1;4;0;1
349;B;3;;0;1;4;0;1
350;B;3;;0;1;4;0;1
351;B;3;;0;0;2;1;1
352;B;3;;0;0;2;1;1
353;B;3;;0;0;2;1;1
354;B;3;;0;0;2;1;1
355;B;3;;0;0;2;1;1
356;B;3;;0;1;4;0;1
357;B;3;;0;0;2;1;1
358;B;3;;0;1;4;0;1
359;B;3;;0;1;4;0;1
360;B;3;;0;1;4;0;1
361;B;3;;0;1;4;0;1
362;B;3;;0;1;4;0;1
363;B;3;;0;0;2;1;1
364;B;3;;0;0;2;1;1
365;B;3;;0;0;2;1;1
1;A;2;Colla_1;1;1;4;0;2
2;A;2;Colla_1;1;1;4;0;2
3;A;2;Colla_1;1;1;4;0;2
4;A;4;Colla_1;0;0;2;1;2
5;A;4;Colla_1;0;0;2;1;2
6;A;2;Colla_1;1;1;4;0;2
7;A;4;Colla_1;0;0;2;1;2
8;A;2;Colla_1;1;1;4;0;2
9;A;4;Colla_1;0;0;2;1;2
11;A;2;Colla_2;1;0;2;2;2
12;A;2;Colla_2;1;1;4;0;2
13;A;4;Colla_2;0;0;2;1;2
14;A;2;Colla_2;1;0;2;2;2
15;A;4;Colla_2;0;0;2;1;2
16;A;4;Colla_2;0;0;2;1;2
17;A;4;Colla_2;0;0;2;1;2
18;A;2;Colla_2;1;1;4;0;2
19;A;2;Colla_2;1;1;4;0;2
20;A;2;Colla_2;1;1;4;0;2
21;A;2;Colla_2;1;1;4;0;2
23;A;4;Colla_2;0;0;2;1;2
24;A;2;Colla_2;1;1;4;0;2
25;A;2;Colla_3;1;1;4;0;2
26;A;2;Colla_3;1;1;4;0;2
27;A;4;Colla_3;0;0;2;1;2
28;A;4;Colla_3;0;0;2;1;2
29;A;2;Colla_3;1;1;4;0;2
30;A;4;Colla_3;0;0;2;1;2
31;A;4;Colla_3;0;0;2;1;2
32;A;2;Colla_3;1;1;4;0;2
33;A;2;Colla_3;1;1;4;0;2
34;A;2;Colla_3;1;0;2;2;2
35;A;2;Colla_3;1;1;4;0;2
36;A;4;Colla_3;0;0;2;1;2
37;A;2;Colla_3;1;1;4;0;2
38;A;4;Colla_3;0;0;2;1;2
39;A;2;Colla_3;1;1;4;0;2
40;A;2;Colla_4;1;1;4;0;2
41;A;2;Colla_4;1;1;4;0;2
42;A;2;Colla_4;1;1;4;0;2
43;A;4;Colla_4;0;0;2;1;2
44;A;4;Colla_4;0;0;2;1;2
45;A;4;Colla_4;0;0;2;1;2
46;A;2;Colla_4;1;1;4;0;2
47;A;4;Colla_4;0;0;2;1;2
48;A;2;Colla_4;1;1;4;0;2
49;A;2;Colla_5;1;1;4;0;2
50;A;4;Colla_5;0;0;2;1;2
51;A;2;Colla_5;1;0;2;2;2
52;A;2;Colla_5;1;1;4;0;2
53;A;4;Colla_5;0;0;2;1;2
54;A;2;Colla_5;1;1;4;0;2
55;A;2;Colla_5;1;1;4;0;2
56;A;4;Colla_5;0;0;2;1;2
57;A;2;Colla_5;1;1;4;0;2
58;A;4;Colla_5;0;0;2;1;2
59;A;4;Colla_5;0;0;2;1;2
60;A;4;Colla_5;0;0;2;1;2
61;A;2;Colla_5;1;1;4;0;2
62;A;2;Colla_5;1;0;2;2;2
63;A;2;Colla_5;1;1;4;0;2
64;A;2;Colla_5;1;1;4;0;2
65;A;4;Colla_5;0;0;2;1;2
66;A;2;Colla_5;1;0;2;2;2
67;A;2;Colla_5;1;1;4;0;2
68;A;4;Colla_6;0;0;2;1;2
69;A;4;Colla_6;0;0;2;1;2
71;A;2;Colla_6;1;1;4;0;2
72;A;4;Colla_6;0;0;2;1;2
73;A;2;Colla_6;1;1;4;0;2
74;A;2;Colla_6;1;1;4;0;2
75;A;4;Colla_6;0;0;2;1;2
76;A;2;Colla_6;1;1;4;0;2
77;A;4;Colla_7;0;0;2;1;2
78;A;4;Colla_7;0;0;2;1;2
79;A;2;Colla_7;1;1;4;0;2
80;A;4;Colla_7;0;0;2;1;2
81;A;2;Colla_7;1;1;4;0;2
82;A;4;Colla_7;0;0;2;1;2
83;A;4;Colla_7;0;0;2;1;2
84;A;2;Colla_7;1;1;4;0;2
85;A;2;Colla_7;1;1;4;0;2
86;A;2;Colla_7;1;0;2;2;2
87;A;2;Colla_7;1;1;4;0;2
88;A;2;Colla_7;1;1;4;0;2
89;A;2;Colla_7;1;1;4;0;2
90;A;2;Colla_7;1;0;2;2;2
91;A;4;Colla_7;0;0;2;1;2
92;A;2;Colla_8;1;1;4;0;2
93;A;2;Colla_8;1;1;4;0;2
94;A;4;Colla_8;0;0;2;1;2
95;A;4;Colla_8;0;0;2;1;2
96;A;4;Colla_8;0;0;2;1;2
97;A;4;Colla_8;0;0;2;1;2
98;A;2;Colla_8;1;1;4;0;2
99;A;2;Colla_8;1;1;4;0;2
100;A;4;Colla_8;0;0;2;1;2
101;A;2;Colla_8;1;1;4;0;2
102;A;2;Colla_8;1;1;4;0;2
103;A;2;Colla_9;1;0;2;2;2
104;A;2;Colla_9;1;1;4;0;2
105;A;4;Colla_9;0;0;2;1;2
106;A;2;Colla_9;1;1;4;0;2
107;A;2;Colla_9;1;1;4;0;2
108;A;2;Colla_9;1;1;4;0;2
109;A;4;Colla_9;0;0;2;1;2
110;A;4;Colla_9;0;0;2;1;2
111;A;2;Colla_10;1;1;4;0;2
112;A;2;Colla_10;1;0;2;2;2
113;A;4;Colla_10;0;0;2;1;2
114;A;2;Colla_10;1;1;4;0;2
115;A;4;Colla_10;0;0;2;1;2
116;A;2;Colla_10;1;1;4;0;2
117;A;2;Colla_10;1;1;4;0;2
118;A;4;Colla_10;0;0;2;1;2
119;A;4;Colla_10;0;0;2;1;2
120;A;4;Colla_10;0;0;2;1;2
121;A;4;Colla_10;0;0;2;1;2
122;A;4;Colla_10;0;0;2;1;2
123;A;2;Colla_10;1;1;4;0;2
124;A;2;Colla_10;1;1;4;0;2
125;A;2;Colla_10;1;1;4;0;2
126;A;2;Colla_10;1;1;4;0;2
127;A;4;Colla_10;0;0;2;1;2
128;A;2;Colla_10;1;0;2;2;2
129;A;2;Colla_10;1;1;4;0;2
130;A;2;Colla_11;1;1;4;0;2
131;A;4;Colla_11;0;0;2;1;2
132;A;2;Colla_11;1;1;4;0;2
133;A;2;Colla_11;1;1;4;0;2
135;A;2;Colla_11;1;0;2;2;2
136;A;2;Colla_11;1;1;4;0;2
137;A;4;Colla_11;0;0;2;1;2
138;A;4;Colla_11;0;0;2;1;2
139;A;4;Colla_11;0;0;2;1;2
140;A;4;Colla_11;0;0;2;1;2
141;A;2;Colla_11;1;1;4;0;2
142;A;2;Colla_11;1;1;4;0;2
143;A;4;Colla_11;0;0;2;1;2
144;A;4;Colla_11;0;0;2;1;2
146;A;2;Colla_11;1;0;2;2;2
147;A;2;Colla_11;1;1;4;0;2
148;A;2;Colla_11;1;1;4;0;2
149;A;2;Colla_11;1;1;4;0;2
150;A;2;Colla_12;1;1;4;0;2
151;A;2;Colla_12;1;0;2;2;2
152;A;2;Colla_12;1;1;4;0;2
153;A;4;Colla_12;0;0;2;1;2
154;A;4;Colla_12;0;0;2;1;2
155;A;2;Colla_12;1;1;4;0;2
156;A;4;Colla_12;0;0;2;1;2
157;A;2;Colla_12;1;1;4;0;2
158;A;4;Colla_12;0;0;2;1;2
159;A;2;Colla_12;1;1;4;0;2
160;A;4;Colla_12;0;0;2;1;2
161;A;4;Colla_13;0;0;2;1;2
162;A;2;Colla_13;1;1;4;0;2
163;A;4;Colla_13;0;0;2;1;2
164;A;2;Colla_13;1;1;4;0;2
165;A;2;Colla_13;1;0;2;2;2
166;A;2;Colla_13;1;1;4;0;2
167;A;2;Colla_13;1;1;4;0;2
168;A;4;Colla_13;0;0;2;1;2
169;A;2;Colla_13;1;1;4;0;2
170;A;2;Colla_13;1;1;4;0;2
171;A;4;Colla_13;0;0;2;1;2
172;A;2;Colla_13;1;0;2;2;2
173;A;2;Colla_13;1;1;4;0;2
174;A;4;Colla_13;0;0;2;1;2
175;A;4;Colla_13;0;0;2;1;2
176;B;4;;0;0;2;1;2
177;B;4;;0;0;2;1;2
178;B;4;;0;0;2;1;2
179;B;2;;1;1;4;0;2
180;B;2;;1;1;4;0;2
181;B;2;;1;1;4;0;2
182;B;2;;1;1;4;0;2
183;B;2;;1;0;2;2;2
184;B;4;;0;0;2;1;2
185;B;4;;0;0;2;1;2
186;B;4;;0;0;2;1;2
187;B;2;;1;1;4;0;2
188;B;4;;0;0;2;1;2
189;B;2;;1;1;4;0;2
190;B;2;;1;1;4;0;2
191;B;2;;1;0;2;2;2
192;B;4;;0;0;2;1;2
193;B;4;;0;0;2;1;2
194;B;2;;1;1;4;0;2
195;B;4;;0;0;2;1;2
196;B;2;;1;0;2;2;2
197;B;4;;0;0;2;1;2
198;B;2;;1;1;4;0;2
199;A;2;NovaColla_371;1;1;4;0;2
200;B;2;;1;1;4;0;2
201;B;2;;1;1;4;0;2
202;B;4;;0;0;2;1;2
203;B;2;;1;1;4;0;2
204;B;2;;1;1;4;0;2
205;B;4;;0;0;2;1;2
206;B;2;;1;0;2;2;2
207;B;2;;1;1;4;0;2
208;B;2;;1;0;2;2;2
209;B;2;;1;1;4;0;2
210;B;2;;1;1;4;0;2
211;B;2;;1;0;2;2;2
212;B;2;;1;1;4;0;2
213;B;2;;1;1;4;0;2
214;B;2;;1;0;2;2;2
215;B;2;;1;1;4;0;2
216;B;2;;1;1;4;0;2
217;B;4;;0;0;2;1;2
218;B;4;;0;0;2;1;2
219;B;4;;0;0;2;1;2
220;B;2;;1;1;4;0;2
221;B;2;;1;1;4;0;2
222;B;2;;1;1;4;0;2
223;B;2;;1;1;4;0;2
224;B;2;;1;1;4;0;2
225;B;2;;1;0;2;2;2
226;B;2;;1;1;4;0;2
227;A;2;NovaColla_371;1;1;4;0;2
229;B;2;;1;1;4;0;2
230;B;4;;0;0;2;1;2
231;B;2;;1;1;4;0;2
232;B;2;;1;0;2;2;2
233;B;4;;0;0;2;1;2
234;B;2;;1;1;4;0;2
235;B;2;;1;1;4;0;2
236;B;2;;1;1;4;0;2
237;B;2;;1;1;4;0;2
238;B;2;;1;1;4;0;2
239;B;2;;1;1;4;0;2
240;B;2;;1;1;4;0;2
241;B;2;;1;1;4;0;2
242;B;2;;1;1;4;0;2
243;B;4;;0;0;2;1;2
244;B;2;;1;1;4;0;2
245;B;4;;0;0;2;1;2
246;B;2;;1;1;4;0;2
247;B;4;;0;0;2;1;2
248;B;4;;0;0;2;1;2
249;B;4;;0;0;2;1;2
250;B;4;;0;0;2;1;2
251;B;4;;0;0;2;1;2
252;B;2;;1;1;4;0;2
253;B;2;;1;1;4;0;2
254;B;4;;0;0;2;1;2
255;B;2;;1;1;4;0;2
256;B;2;;1;1;4;0;2
257;B;2;;1;1;4;0;2
258;B;4;;0;0;2;1;2
259;B;2;;1;1;4;0;2
260;B;2;;1;1;4;0;2
261;B;2;;1;1;4;0;2
262;B;2;;1;1;4;0;2
263;B;4;;0;0;2;1;2
264;B;2;;1;1;4;0;2
265;B;4;;0;0;2;1;2
266;B;4;;0;0;2;1;2
267;B;4;;0;0;2;1;2
268;B;2;;1;1;4;0;2
269;B;2;;1;1;4;0;2
270;B;4;;0;0;2;1;2
271;B;4;;0;0;2;1;2
272;B;4;;0;0;2;1;2
273;B;4;;0;0;2;1;2
274;B;4;;0;0;2;1;2
275;B;2;;1;1;4;0;2
276;B;2;;1;1;4;0;2
277;B;2;;1;1;4;0;2
278;B;4;;0;0;2;1;2
279;B;4;;0;0;2;1;2
280;B;2;;1;1;4;0;2
282;B;2;;1;0;2;2;2
283;B;4;;0;0;2;1;2
284;B;4;;0;0;2;1;2
285;B;4;;0;0;2;1;2
286;B;4;;0;0;2;1;2
287;B;2;;1;1;4;0;2
288;B;4;;0;0;2;1;2
289;B;4;;0;0;2;1;2
290;B;4;;0;0;2;1;2
291;B;2;;1;1;4;0;2
293;B;4;;0;0;2;1;2
294;B;2;;1;1;4;0;2
295;B;2;;1;1;4;0;2
296;B;4;;0;0;2;1;2
297;B;4;;0;0;2;1;2
298;B;2;;1;1;4;0;2
299;B;4;;0;0;2;1;2
300;B;4;;0;0;2;1;2
301;B;2;;1;1;4;0;2
303;B;2;;1;1;4;0;2
304;B;2;;1;1;4;0;2
305;B;2;;1;1;4;0;2
306;B;4;;0;0;2;1;2
307;B;2;;1;1;4;0;2
308;B;2;;1;0;2;2;2
309;B;2;;1;1;4;0;2
310;B;2;;1;1;4;0;2
311;B;2;;1;1;4;0;2
312;B;2;;1;1;4;0;2
313;B;4;;0;0;2;1;2
314;B;2;;1;1;4;0;2
315;B;2;;1;1;4;0;2
316;B;4;;0;0;2;1;2
317;B;4;;0;0;2;1;2
318;B;2;;1;0;2;2;2
319;B;4;;0;0;2;1;2
320;B;2;;1;1;4;0;2
321;B;2;;1;1;4;0;2
322;B;2;;1;1;4;0;2
323;B;4;;0;0;2;1;2
324;B;4;;0;0;2;1;2
325;B;2;;1;1;4;0;2
326;B;4;;0;0;2;1;2
327;B;2;;1;1;4;0;2
328;B;2;;1;1;4;0;2
329;B;2;;1;1;4;0;2
330;B;4;;0;0;2;1;2
331;B;2;;1;1;4;0;2
332;B;2;;1;1;4;0;2
333;B;2;;1;1;4;0;2
334;B;4;;0;0;2;1;2
335;B;4;;0;0;2;1;2
336;B;2;;1;1;4;0;2
337;B;4;;0;0;2;1;2
338;B;2;;1;1;4;0;2
339;B;2;;1;0;2;2;2
340;B;2;;1;0;2;2;2
341;B;2;;1;1;4;0;2
342;B;4;;0;0;2;1;2
343;B;4;;0;0;2;1;2
345;B;4;;0;0;2;1;2
347;B;2;;1;0;2;2;2
348;B;4;;0;0;2;1;2
349;B;4;;0;0;2;1;2
350;B;4;;0;0;2;1;2
351;B;2;;1;1;4;0;2
352;B;2;;1;1;4;0;2
353;B;2;;1;1;4;0;2
354;B;2;;1;1;4;0;2
355;B;2;;1;0;2;2;2
356;B;4;;0;0;2;1;2
357;B;2;;1;1;4;0;2
358;B;4;;0;0;2;1;2
359;B;4;;0;0;2;1;2
360;B;4;;0;0;2;1;2
361;B;4;;0;0;2;1;2
362;B;4;;0;0;2;1;2
363;B;2;;1;1;4;0;2
364;B;2;;1;1;4;0;2
365;B;2;;1;0;2;2;2
366;A;3;Colla_6;0;1;4;0;2
367;A;3;Colla_8;0;0;2;1;2
368;A;3;Colla_8;0;0;2;1;2
369;A;3;Colla_3;0;0;2;1;2
370;A;3;Colla_1;0;0;2;1;2
371;A;3;NovaColla_371;0;0;2;1;2
372;A;3;NovaColla_371;0;1;4;0;2
373;A;3;NovaColla_371;0;1;4;0;2
374;A;3;NovaColla_371;0;0;2;1;2
375;A;3;NovaColla_371;0;0;2;1;2
376;B;3;;0;0;2;1;2
377;B;3;;0;0;2;1;2
378;A;3;NovaColla_371;0;0;2;1;2
379;B;3;;0;0;2;1;2
380;B;3;;0;0;2;1;2
381;B;3;;0;0;2;1;2
382;B;3;;0;0;2;1;2
383;B;3;;0;0;2;1;2
1;A;4;Colla_1;0;0;2;1;3
2;A;4;Colla_1;0;1;4;0;3
3;A;4;Colla_1;0;0;2;1;3
4;A;2;Colla_1;1;1;4;0;3
5;A;2;Colla_1;1;1;4;0;3
6;A;4;Colla_1;0;0;2;1;3
7;A;2;Colla_1;1;1;4;0;3
8;A;4;Colla_1;0;0;2;1;3
9;A;2;Colla_1;1;1;4;0;3
11;A;2;Colla_2;2;1;4;0;3
12;A;4;Colla_2;0;0;2;1;3
13;A;2;Colla_2;1;1;4;0;3
14;A;2;Colla_2;2;1;4;0;3
15;A;2;Colla_2;1;1;4;0;3
16;A;2;Colla_2;1;1;4;0;3
17;A;2;Colla_2;1;1;4;0;3
18;A;4;Colla_2;0;0;2;1;3
19;A;4;Colla_2;0;0;2;1;3
20;A;4;Colla_2;0;0;2;1;3
21;A;4;Colla_2;0;0;2;1;3
23;A;2;Colla_2;1;1;4;0;3
24;A;4;Colla_2;0;0;2;1;3
25;A;4;Colla_3;0;0;2;1;3
26;A;4;Colla_3;0;0;2;1;3
27;A;2;Colla_3;1;1;4;0;3
28;A;2;Colla_3;1;1;4;0;3
29;A;4;Colla_3;0;0;2;1;3
30;A;2;Colla_3;1;1;4;0;3
31;A;2;Colla_3;1;1;4;0;3
32;A;4;Colla_3;0;0;2;1;3
33;A;4;Colla_3;0;0;2;1;3
34;A;2;Colla_3;2;1;4;0;3
35;A;4;Colla_3;0;0;2;1;3
36;A;2;Colla_3;1;1;4;0;3
37;A;4;Colla_3;0;0;2;1;3
38;A;2;Colla_3;1;1;4;0;3
39;A;4;Colla_3;0;0;2;1;3
40;A;4;Colla_4;0;1;4;0;3
41;A;4;Colla_4;0;0;2;1;3
42;A;4;Colla_4;0;0;2;1;3
43;A;2;Colla_4;1;1;4;0;3
44;A;2;Colla_4;1;1;4;0;3
45;A;2;Colla_4;1;1;4;0;3
46;A;4;Colla_4;0;0;2;1;3
47;A;2;Colla_4;1;1;4;0;3
48;A;4;Colla_4;0;0;2;1;3
49;A;4;Colla_5;0;0;2;1;3
50;A;2;Colla_5;1;1;4;0;3
51;A;2;Colla_5;2;1;4;0;3
52;A;4;Colla_5;0;0;2;1;3
53;A;2;Colla_5;1;1;4;0;3
54;A;4;Colla_5;0;0;2;1;3
55;A;4;Colla_5;0;0;2;1;3
56;A;2;Colla_5;1;1;4;0;3
57;A;4;Colla_5;0;0;2;1;3
58;A;2;Colla_5;1;1;4;0;3
59;A;2;Colla_5;1;1;4;0;3
60;A;2;Colla_5;1;1;4;0;3
61;A;4;Colla_5;0;0;2;1;3
62;A;2;Colla_5;2;1;4;0;3
64;A;4;Colla_5;0;0;2;1;3
65;A;2;Colla_5;1;1;4;0;3
66;A;2;Colla_5;2;1;4;0;3
67;A;4;Colla_5;0;0;2;1;3
68;A;2;Colla_6;1;1;4;0;3
69;A;2;Colla_6;1;1;4;0;3
71;A;4;Colla_6;0;0;2;1;3
72;A;2;Colla_6;1;1;4;0;3
73;A;4;Colla_6;0;0;2;1;3
74;A;4;Colla_6;0;0;2;1;3
75;A;2;Colla_6;1;1;4;0;3
76;A;4;Colla_6;0;0;2;1;3
77;A;2;Colla_7;1;1;4;0;3
78;A;2;Colla_7;1;1;4;0;3
79;A;4;Colla_7;0;0;2;1;3
80;A;2;Colla_7;1;1;4;0;3
81;A;4;Colla_7;0;0;2;1;3
82;A;2;Colla_7;1;1;4;0;3
83;A;2;Colla_7;1;1;4;0;3
84;A;4;Colla_7;0;0;2;1;3
85;A;4;Colla_7;0;0;2;1;3
86;A;2;Colla_7;2;1;4;0;3
87;A;4;Colla_7;0;0;2;1;3
88;A;4;Colla_7;0;0;2;1;3
89;A;4;Colla_7;0;0;2;1;3
90;A;2;Colla_7;2;1;4;0;3
91;A;2;Colla_7;1;1;4;0;3
92;A;4;Colla_8;0;0;2;1;3
93;A;4;Colla_8;0;0;2;1;3
94;A;2;Colla_8;1;1;4;0;3
95;A;2;Colla_8;1;1;4;0;3
96;A;2;Colla_8;1;1;4;0;3
97;A;2;Colla_8;1;1;4;0;3
98;A;4;Colla_8;0;0;2;1;3
99;A;4;Colla_8;0;0;2;1;3
100;A;2;Colla_8;1;1;4;0;3
101;A;4;Colla_8;0;0;2;1;3
102;A;4;Colla_8;0;0;2;1;3
103;A;2;Colla_9;2;1;4;0;3
104;A;4;Colla_9;0;0;2;1;3
105;A;2;Colla_9;1;1;4;0;3
106;A;4;Colla_9;0;0;2;1;3
107;A;4;Colla_9;0;0;2;1;3
108;A;4;Colla_9;0;0;2;1;3
109;A;2;Colla_9;1;1;4;0;3
110;A;2;Colla_9;1;1;4;0;3
111;A;4;Colla_10;0;0;2;1;3
112;A;2;Colla_10;2;1;4;0;3
113;A;2;Colla_10;1;1;4;0;3
114;A;4;Colla_10;0;0;2;1;3
115;A;2;Colla_10;1;1;4;0;3
116;A;4;Colla_10;0;0;2;1;3
117;A;4;Colla_10;0;0;2;1;3
118;A;2;Colla_10;1;1;4;0;3
119;A;2;Colla_10;1;1;4;0;3
120;A;2;Colla_10;1;1;4;0;3
121;A;2;Colla_10;1;1;4;0;3
122;A;2;Colla_10;1;1;4;0;3
123;A;4;Colla_10;0;0;2;1;3
124;A;4;Colla_10;0;0;2;1;3
125;A;4;Colla_10;0;0;2;1;3
126;A;4;Colla_10;0;0;2;1;3
127;A;2;Colla_10;1;1;4;0;3
128;A;2;Colla_10;2;1;4;0;3
129;A;4;Colla_10;0;0;2;1;3
130;A;4;Colla_11;0;0;2;1;3
131;A;2;Colla_11;1;1;4;0;3
132;A;4;Colla_11;0;0;2;1;3
133;A;4;Colla_11;0;0;2;1;3
135;A;2;Colla_11;2;1;4;0;3
136;A;4;Colla_11;0;0;2;1;3
137;A;2;Colla_11;1;1;4;0;3
138;A;2;Colla_11;1;1;4;0;3
139;A;2;Colla_11;1;1;4;0;3
140;A;2;Colla_11;1;1;4;0;3
141;A;4;Colla_11;0;0;2;1;3
142;A;4;Colla_11;0;0;2;1;3
143;A;2;Colla_11;1;1;4;0;3
144;A;2;Colla_11;1;1;4;0;3
146;A;2;Colla_11;2;1;4;0;3
147;A;4;Colla_11;0;0;2;1;3
148;A;4;Colla_11;0;0;2;1;3
149;A;4;Colla_11;0;0;2;1;3
150;A;4;Colla_12;0;0;2;1;3
151;A;2;Colla_12;2;1;4;0;3
152;A;4;Colla_12;0;0;2;1;3
153;A;2;Colla_12;1;1;4;0;3
154;A;2;Colla_12;1;1;4;0;3
155;A;4;Colla_12;0;0;2;1;3
156;A;2;Colla_12;1;1;4;0;3
157;A;4;Colla_12;0;0;2;1;3
158;A;2;Colla_12;1;1;4;0;3
159;A;4;Colla_12;0;0;2;1;3
160;A;2;Colla_12;1;1;4;0;3
161;A;2;Colla_13;1;1;4;0;3
162;A;4;Colla_13;0;0;2;1;3
163;A;2;Colla_13;1;1;4;0;3
164;A;4;Colla_13;0;0;2;1;3
165;A;2;Colla_13;2;1;4;0;3
166;A;4;Colla_13;0;0;2;1;3
167;A;4;Colla_13;0;0;2;1;3
168;A;2;Colla_13;1;1;4;0;3
169;A;4;Colla_13;0;0;2;1;3
170;A;4;Colla_13;0;0;2;1;3
171;A;2;Colla_13;1;1;4;0;3
172;A;2;Colla_13;2;1;4;0;3
173;A;4;Colla_13;0;0;2;1;3
175;A;2;Colla_13;1;1;4;0;3
176;B;2;;1;1;4;0;3
177;B;2;;1;1;4;0;3
178;B;2;;1;1;4;0;3
179;B;4;;0;0;2;1;3
181;B;4;;0;0;2;1;3
182;B;4;;0;0;2;1;3
183;B;2;;2;1;4;0;3
184;B;2;;1;1;4;0;3
185;B;2;;1;1;4;0;3
186;B;2;;1;1;4;0;3
187;B;4;;0;0;2;1;3
188;B;2;;1;1;4;0;3
189;B;4;;0;0;2;1;3
190;B;4;;0;0;2;1;3
191;B;2;;2;1;4;0;3
192;B;2;;1;1;4;0;3
193;B;2;;1;1;4;0;3
194;B;4;;0;0;2;1;3
195;B;2;;1;1;4;0;3
196;B;2;;2;1;4;0;3
197;B;2;;1;1;4;0;3
198;B;4;;0;0;2;1;3
199;A;4;NovaColla_371;0;0;2;1;3
200;B;4;;0;0;2;1;3
201;B;4;;0;0;2;1;3
202;B;2;;1;1;4;0;3
203;B;4;;0;0;2;1;3
204;B;4;;0;0;2;1;3
205;B;2;;1;1;4;0;3
206;B;2;;2;1;4;0;3
207;B;4;;0;0;2;1;3
208;B;2;;2;1;4;0;3
209;B;4;;0;0;2;1;3
210;B;4;;0;0;2;1;3
211;B;2;;2;1;4;0;3
212;B;4;;0;0;2;1;3
213;B;4;;0;0;2;1;3
214;B;2;;2;1;4;0;3
215;B;4;;0;0;2;1;3
216;B;4;;0;0;2;1;3
217;B;2;;1;1;4;0;3
218;B;2;;1;1;4;0;3
219;B;2;;1;1;4;0;3
220;B;4;;0;0;2;1;3
221;B;4;;0;0;2;1;3
222;B;4;;0;0;2;1;3
223;B;4;;0;0;2;1;3
224;B;4;;0;0;2;1;3
225;B;2;;2;1;4;0;3
226;B;4;;0;0;2;1;3
227;A;4;NovaColla_371;0;0;2;1;3
229;B;4;;0;0;2;1;3
230;B;2;;1;1;4;0;3
231;B;4;;0;0;2;1;3
232;B;2;;2;1;4;0;3
233;B;2;;1;1;4;0;3
234;B;4;;0;0;2;1;3
236;B;4;;0;0;2;1;3
237;B;4;;0;0;2;1;3
238;B;4;;0;0;2;1;3
239;B;4;;0;0;2;1;3
240;B;4;;0;0;2;1;3
241;B;4;;0;0;2;1;3
242;B;4;;0;0;2;1;3
243;B;2;;1;1;4;0;3
245;B;2;;1;1;4;0;3
246;B;4;;0;0;2;1;3
247;B;2;;1;1;4;0;3
248;B;2;;1;1;4;0;3
249;B;2;;1;1;4;0;3
250;B;2;;1;1;4;0;3
251;B;2;;1;1;4;0;3
252;B;4;;0;0;2;1;3
253;B;4;;0;0;2;1;3
254;B;2;;1;1;4;0;3
255;B;4;;0;0;2;1;3
257;B;4;;0;0;2;1;3
258;B;2;;1;1;4;0;3
259;B;4;;0;0;2;1;3
260;B;4;;0;0;2;1;3
262;B;4;;0;0;2;1;3
263;B;2;;1;1;4;0;3
264;B;4;;0;0;2;1;3
265;B;2;;1;1;4;0;3
266;B;2;;1;1;4;0;3
267;B;2;;1;1;4;0;3
268;B;4;;0;0;2;1;3
269;B;4;;0;0;2;1;3
270;B;2;;1;1;4;0;3
271;B;2;;1;1;4;0;3
272;B;2;;1;1;4;0;3
273;B;2;;1;1;4;0;3
274;B;2;;1;1;4;0;3
275;B;4;;0;0;2;1;3
276;B;4;;0;0;2;1;3
277;B;4;;0;0;2;1;3
278;B;2;;1;1;4;0;3
279;B;2;;1;1;4;0;3
280;B;4;;0;0;2;1;3
282;B;2;;2;1;4;0;3
283;B;2;;1;1;4;0;3
284;B;2;;1;1;4;0;3
285;B;2;;1;1;4;0;3
286;B;2;;1;1;4;0;3
287;B;4;;0;0;2;1;3
288;B;2;;1;1;4;0;3
289;B;2;;1;1;4;0;3
290;B;2;;1;1;4;0;3
291;B;4;;0;0;2;1;3
293;B;2;;1;1;4;0;3
294;B;4;;0;0;2;1;3
295;B;4;;0;0;2;1;3
296;B;2;;1;1;4;0;3
297;B;2;;1;1;4;0;3
298;B;4;;0;0;2;1;3
299;B;2;;1;1;4;0;3
300;B;2;;1;1;4;0;3
301;B;4;;0;0;2;1;3
303;B;4;;0;0;2;1;3
304;B;4;;0;0;2;1;3
305;B;4;;0;0;2;1;3
306;B;2;;1;1;4;0;3
307;B;4;;0;0;2;1;3
308;B;2;;2;1;4;0;3
309;B;4;;0;0;2;1;3
310;B;4;;0;0;2;1;3
311;B;4;;0;0;2;1;3
312;B;4;;0;0;2;1;3
313;B;2;;1;1;4;0;3
314;B;4;;0;0;2;1;3
315;B;4;;0;0;2;1;3
316;B;2;;1;1;4;0;3
317;B;2;;1;1;4;0;3
318;B;2;;2;1;4;0;3
319;B;2;;1;1;4;0;3
320;B;4;;0;0;2;1;3
321;B;4;;0;0;2;1;3
322;B;4;;0;0;2;1;3
323;B;2;;1;1;4;0;3
324;B;2;;1;1;4;0;3
325;B;4;;0;0;2;1;3
326;B;2;;1;1;4;0;3
327;B;4;;0;0;2;1;3
328;B;4;;0;0;2;1;3
329;B;4;;0;0;2;1;3
330;B;2;;1;1;4;0;3
331;B;4;;0;0;2;1;3
332;B;4;;0;0;2;1;3
333;B;4;;0;0;2;1;3
334;B;2;;1;1;4;0;3
335;B;2;;1;1;4;0;3
336;B;4;;0;0;2;1;3
337;B;2;;1;1;4;0;3
338;B;4;;0;0;2;1;3
339;B;2;;2;1;4;0;3
340;B;2;;2;1;4;0;3
341;B;4;;0;0;2;1;3
342;B;2;;1;1;4;0;3
343;B;2;;1;1;4;0;3
345;B;2;;1;1;4;0;3
348;B;2;;1;1;4;0;3
350;B;2;;1;1;4;0;3
351;B;4;;0;0;2;1;3
352;B;4;;0;0;2;1;3
353;B;4;;0;0;2;1;3
354;B;4;;0;0;2;1;3
355;B;2;;2;1;4;0;3
356;B;2;;1;1;4;0;3
357;B;4;;0;0;2;1;3
359;B;2;;1;1;4;0;3
360;B;2;;1;1;4;0;3
361;B;2;;1;1;4;0;3
362;B;2;;1;1;4;0;3
363;B;4;;0;0;2;1;3
364;B;4;;0;0;2;1;3
365;B;2;;2;1;4;0;3
366;A;4;Colla_6;0;0;2;1;3
367;A;2;Colla_8;1;1;4;0;3
368;A;2;Colla_8;1;1;4;0;3
369;A;2;Colla_3;1;1;4;0;3
370;A;2;Colla_1;1;1;4;0;3
371;A;2;NovaColla_371;1;1;4;0;3
372;A;4;NovaColla_371;0;0;2;1;3
373;A;4;NovaColla_371;0;0;2;1;3
374;A;2;NovaColla_371;1;1;4;0;3
375;A;2;NovaColla_371;1;1;4;0;3
376;B;2;;1;1;4;0;3
378;A;2;NovaColla_371;1;1;4;0;3
379;B;2;;1;1;4;0;3
380;B;2;;1;1;4;0;3
381;B;2;;1;1;4;0;3
382;B;2;;1;1;4;0;3
383;B;2;;1;1;4;0;3
384;A;3;Colla_7;0;0;2;1;3
385;A;3;Colla_11;0;0;2;1;3
386;A;3;Colla_8;0;0;2;1;3
387;A;3;Colla_10;0;0;2;1;3
388;A;3;Colla_13;0;1;4;0;3
389;A;3;Colla_11;0;1;4;0;3
390;A;3;Colla_6;0;1;4;0;3
391;A;3;Colla_5;0;0;2;1;3
392;A;3;NovaColla_392;0;0;2;1;3
393;A;3;NovaColla_392;0;0;2;1;3
394;A;3;NovaColla_392;0;0;2;1;3
395;A;3;NovaColla_392;0;0;2;1;3
396;A;3;NovaColla_392;0;1;4;0;3
397;A;3;NovaColla_392;0;1;4;0;3
398;A;3;NovaColla_392;0;1;4;0;3
399;A;3;NovaColla_392;0;1;4;0;3
400;B;3;;0;1;4;0;3
401;B;3;;0;0;2;1;3
402;B;3;;0;1;4;0;3
403;B;3;;0;0;2;1;3
404;B;3;;0;1;4;0;3
405;B;3;;0;0;2;1;3
406;B;3;;0;0;2;1;3
407;B;3;;0;0;2;1;3
408;B;3;;0;1;4;0;3
409;B;3;;0;0;2;1;3
410;B;3;;0;0;2;1;3
1;A;2;Colla_1;1;1;4;0;4
2;A;4;Colla_1;0;0;2;1;4
3;A;2;Colla_1;1;1;4;0;4
4;A;4;Colla_1;0;0;2;1;4
5;A;4;Colla_1;0;0;2;1;4
6;A;2;Colla_1;1;1;4;0;4
7;A;4;Colla_1;0;0;2;1;4
8;A;2;Colla_1;1;1;4;0;4
9;A;4;Colla_1;0;0;2;1;4
11;A;4;Colla_2;0;0;2;1;4
12;A;2;Colla_2;1;0;2;2;4
13;A;4;Colla_2;0;0;2;1;4
14;A;4;Colla_2;0;0;2;1;4
15;A;4;Colla_2;0;0;2;1;4
16;A;4;Colla_2;0;0;2;1;4
17;A;4;Colla_2;0;0;2;1;4
18;A;2;Colla_2;1;1;4;0;4
19;A;2;Colla_2;1;1;4;0;4
20;A;2;Colla_2;1;1;4;0;4
21;A;2;Colla_2;1;1;4;0;4
23;A;4;Colla_2;0;0;2;1;4
24;A;2;Colla_2;1;1;4;0;4
25;A;2;Colla_3;1;1;4;0;4
26;A;2;Colla_3;1;1;4;0;4
27;A;4;Colla_3;0;0;2;1;4
28;A;4;Colla_3;0;0;2;1;4
29;A;2;Colla_3;1;1;4;0;4
30;A;4;Colla_3;0;0;2;1;4
31;A;4;Colla_3;0;0;2;1;4
32;A;2;Colla_3;1;1;4;0;4
33;A;2;Colla_3;1;1;4;0;4
34;A;4;Colla_3;0;0;2;1;4
35;A;2;Colla_3;1;0;2;2;4
36;A;4;Colla_3;0;0;2;1;4
37;A;2;Colla_3;1;1;4;0;4
38;A;4;Colla_3;0;0;2;1;4
39;A;2;Colla_3;1;1;4;0;4
40;A;4;Colla_4;0;0;2;1;4
41;A;2;Colla_4;1;1;4;0;4
42;A;2;Colla_4;1;1;4;0;4
43;A;4;Colla_4;0;0;2;1;4
44;A;4;Colla_4;0;0;2;1;4
45;A;4;Colla_4;0;0;2;1;4
46;A;2;Colla_4;1;1;4;0;4
48;A;2;Colla_4;1;1;4;0;4
49;A;2;Colla_5;1;1;4;0;4
50;A;4;Colla_5;0;0;2;1;4
51;A;4;Colla_5;0;0;2;1;4
52;A;2;Colla_5;1;1;4;0;4
53;A;4;Colla_5;0;0;2;1;4
54;A;2;Colla_5;1;1;4;0;4
55;A;2;Colla_5;1;1;4;0;4
56;A;4;Colla_5;0;0;2;1;4
57;A;2;Colla_5;1;1;4;0;4
58;A;4;Colla_5;0;0;2;1;4
59;A;4;Colla_5;0;0;2;1;4
60;A;4;Colla_5;0;0;2;1;4
61;A;2;Colla_5;1;0;2;2;4
62;A;4;Colla_5;0;0;2;1;4
64;A;2;Colla_5;1;1;4;0;4
65;A;4;Colla_5;0;0;2;1;4
66;A;4;Colla_5;0;0;2;1;4
67;A;2;Colla_5;1;1;4;0;4
68;A;4;Colla_6;0;0;2;1;4
69;A;4;Colla_6;0;0;2;1;4
71;A;2;Colla_6;1;1;4;0;4
72;A;4;Colla_6;0;0;2;1;4
73;A;2;Colla_6;1;1;4;0;4
75;A;4;Colla_6;0;0;2;1;4
76;A;2;Colla_6;1;1;4;0;4
77;A;4;Colla_7;0;0;2;1;4
78;A;4;Colla_7;0;0;2;1;4
79;A;2;Colla_7;1;1;4;0;4
80;A;4;Colla_7;0;0;2;1;4
82;A;4;Colla_7;0;0;2;1;4
83;A;4;Colla_7;0;0;2;1;4
84;A;2;Colla_7;1;1;4;0;4
85;A;2;Colla_7;1;0;2;2;4
86;A;4;Colla_7;0;0;2;1;4
87;A;2;Colla_7;1;1;4;0;4
88;A;2;Colla_7;1;1;4;0;4
89;A;2;Colla_7;1;1;4;0;4
90;A;4;Colla_7;0;0;2;1;4
91;A;4;Colla_7;0;0;2;1;4
92;A;2;Colla_8;1;0;2;2;4
93;A;2;Colla_8;1;1;4;0;4
94;A;4;Colla_8;0;0;2;1;4
95;A;4;Colla_8;0;0;2;1;4
96;A;4;Colla_8;0;0;2;1;4
97;A;4;Colla_8;0;0;2;1;4
98;A;2;Colla_8;1;0;2;2;4
99;A;2;Colla_8;1;1;4;0;4
101;A;2;Colla_8;1;1;4;0;4
102;A;2;Colla_8;1;1;4;0;4
103;A;4;Colla_9;0;0;2;1;4
104;A;2;Colla_9;1;1;4;0;4
105;A;4;Colla_9;0;0;2;1;4
106;A;2;Colla_9;1;1;4;0;4
107;A;2;Colla_9;1;1;4;0;4
108;A;2;Colla_9;1;1;4;0;4
109;A;4;Colla_9;0;0;2;1;4
110;A;4;Colla_9;0;0;2;1;4
111;A;2;Colla_10;1;1;4;0;4
112;A;4;Colla_10;0;0;2;1;4
113;A;4;Colla_10;0;0;2;1;4
114;A;2;Colla_10;1;0;2;2;4
115;A;4;Colla_10;0;0;2;1;4
116;A;2;Colla_10;1;1;4;0;4
117;A;2;Colla_10;1;1;4;0;4
118;A;4;Colla_10;0;0;2;1;4
119;A;4;Colla_10;0;0;2;1;4
120;A;4;Colla_10;0;0;2;1;4
121;A;4;Colla_10;0;0;2;1;4
122;A;4;Colla_10;0;0;2;1;4
123;A;2;Colla_10;1;1;4;0;4
124;A;2;Colla_10;1;1;4;0;4
125;A;2;Colla_10;1;1;4;0;4
126;A;2;Colla_10;1;1;4;0;4
127;A;4;Colla_10;0;0;2;1;4
128;A;4;Colla_10;0;0;2;1;4
129;A;2;Colla_10;1;1;4;0;4
130;A;2;Colla_11;1;1;4;0;4
131;A;4;Colla_11;0;0;2;1;4
132;A;2;Colla_11;1;1;4;0;4
133;A;2;Colla_11;1;1;4;0;4
135;A;4;Colla_11;0;0;2;1;4
136;A;2;Colla_11;1;1;4;0;4
137;A;4;Colla_11;0;0;2;1;4
138;A;4;Colla_11;0;0;2;1;4
139;A;4;Colla_11;0;0;2;1;4
140;A;4;Colla_11;0;0;2;1;4
141;A;2;Colla_11;1;1;4;0;4
142;A;2;Colla_11;1;1;4;0;4
143;A;4;Colla_11;0;0;2;1;4
144;A;4;Colla_11;0;0;2;1;4
146;A;4;Colla_11;0;0;2;1;4
147;A;2;Colla_11;1;0;2;2;4
148;A;2;Colla_11;1;1;4;0;4
149;A;2;Colla_11;1;1;4;0;4
150;A;2;Colla_12;1;1;4;0;4
151;A;4;Colla_12;0;0;2;1;4
152;A;2;Colla_12;1;1;4;0;4
153;A;4;Colla_12;0;0;2;1;4
154;A;4;Colla_12;0;0;2;1;4
155;A;2;Colla_12;1;1;4;0;4
156;A;4;Colla_12;0;0;2;1;4
157;A;2;Colla_12;1;1;4;0;4
158;A;4;Colla_12;0;0;2;1;4
159;A;2;Colla_12;1;1;4;0;4
160;A;4;Colla_12;0;0;2;1;4
161;A;4;Colla_13;0;0;2;1;4
162;A;2;Colla_13;1;1;4;0;4
163;A;4;Colla_13;0;0;2;1;4
164;A;2;Colla_13;1;1;4;0;4
165;A;4;Colla_13;0;0;2;1;4
166;A;2;Colla_13;1;1;4;0;4
167;A;2;Colla_13;1;1;4;0;4
168;A;4;Colla_13;0;0;2;1;4
169;A;2;Colla_13;1;0;2;2;4
170;A;2;Colla_13;1;1;4;0;4
171;A;4;Colla_13;0;0;2;1;4
172;A;4;Colla_13;0;0;2;1;4
173;A;2;Colla_13;1;1;4;0;4
175;A;4;Colla_13;0;0;2;1;4
176;B;4;;0;0;2;1;4
177;B;4;;0;0;2;1;4
178;B;4;;0;0;2;1;4
179;B;2;;1;1;4;0;4
181;B;2;;1;1;4;0;4
182;B;2;;1;0;2;2;4
183;B;4;;0;0;2;1;4
184;B;4;;0;0;2;1;4
185;B;4;;0;0;2;1;4
186;B;4;;0;0;2;1;4
187;B;2;;1;1;4;0;4
188;B;4;;0;0;2;1;4
189;B;2;;1;1;4;0;4
190;B;2;;1;1;4;0;4
191;B;4;;0;0;2;1;4
192;B;4;;0;0;2;1;4
193;B;4;;0;0;2;1;4
194;B;2;;1;0;2;2;4
195;B;4;;0;0;2;1;4
196;B;4;;0;0;2;1;4
197;B;4;;0;0;2;1;4
198;B;2;;1;0;2;2;4
199;A;2;NovaColla_371;1;1;4;0;4
200;B;2;;1;1;4;0;4
201;B;2;;1;1;4;0;4
202;B;4;;0;0;2;1;4
203;B;2;;1;1;4;0;4
204;B;2;;1;1;4;0;4
205;B;4;;0;0;2;1;4
206;B;4;;0;0;2;1;4
207;B;2;;1;1;4;0;4
208;B;4;;0;0;2;1;4
209;B;2;;1;1;4;0;4
210;B;2;;1;1;4;0;4
211;B;4;;0;0;2;1;4
212;B;2;;1;1;4;0;4
213;B;2;;1;1;4;0;4
214;B;4;;0;0;2;1;4
215;B;2;;1;1;4;0;4
216;B;2;;1;1;4;0;4
217;B;4;;0;0;2;1;4
218;B;4;;0;0;2;1;4
219;B;4;;0;0;2;1;4
220;B;2;;1;1;4;0;4
221;B;2;;1;1;4;0;4
222;B;2;;1;1;4;0;4
223;B;2;;1;1;4;0;4
224;B;2;;1;1;4;0;4
225;B;4;;0;0;2;1;4
226;B;2;;1;1;4;0;4
227;A;2;NovaColla_371;1;1;4;0;4
229;B;2;;1;1;4;0;4
230;B;4;;0;0;2;1;4
231;B;2;;1;1;4;0;4
232;B;4;;0;0;2;1;4
233;B;4;;0;0;2;1;4
234;B;2;;1;1;4;0;4
236;B;2;;1;1;4;0;4
237;B;2;;1;1;4;0;4
238;B;2;;1;1;4;0;4
239;B;2;;1;1;4;0;4
240;B;2;;1;1;4;0;4
241;B;2;;1;1;4;0;4
242;B;2;;1;1;4;0;4
243;B;4;;0;0;2;1;4
245;B;4;;0;0;2;1;4
246;B;2;;1;1;4;0;4
247;B;4;;0;0;2;1;4
248;B;4;;0;0;2;1;4
249;B;4;;0;0;2;1;4
250;B;4;;0;0;2;1;4
251;B;4;;0;0;2;1;4
252;B;2;;1;1;4;0;4
253;B;2;;1;1;4;0;4
254;A;4;NovaColla_415;0;0;2;1;4
255;B;2;;1;1;4;0;4
257;A;2;NovaColla_415;1;1;4;0;4
258;B;4;;0;0;2;1;4
259;B;2;;1;1;4;0;4
260;B;2;;1;0;2;2;4
262;B;2;;1;1;4;0;4
263;B;4;;0;0;2;1;4
264;B;2;;1;1;4;0;4
265;B;4;;0;0;2;1;4
266;B;4;;0;0;2;1;4
267;B;4;;0;0;2;1;4
268;B;2;;1;1;4;0;4
269;B;2;;1;1;4;0;4
270;B;4;;0;0;2;1;4
272;B;4;;0;0;2;1;4
273;B;4;;0;0;2;1;4
274;B;4;;0;0;2;1;4
275;B;2;;1;1;4;0;4
276;B;2;;1;1;4;0;4
277;B;2;;1;1;4;0;4
278;B;4;;0;0;2;1;4
279;B;4;;0;0;2;1;4
280;B;2;;1;1;4;0;4
282;B;4;;0;0;2;1;4
283;B;4;;0;0;2;1;4
284;B;4;;0;0;2;1;4
285;B;4;;0;0;2;1;4
286;B;4;;0;0;2;1;4
288;B;4;;0;0;2;1;4
289;B;4;;0;0;2;1;4
290;B;4;;0;0;2;1;4
291;B;2;;1;1;4;0;4
293;B;4;;0;0;2;1;4
294;B;2;;1;0;2;2;4
295;B;2;;1;1;4;0;4
296;B;4;;0;0;2;1;4
297;B;4;;0;0;2;1;4
299;B;4;;0;0;2;1;4
300;B;4;;0;0;2;1;4
301;B;2;;1;1;4;0;4
303;B;2;;1;1;4;0;4
304;B;2;;1;1;4;0;4
305;B;2;;1;1;4;0;4
306;B;4;;0;0;2;1;4
307;B;2;;1;1;4;0;4
308;B;4;;0;0;2;1;4
309;B;2;;1;1;4;0;4
310;B;2;;1;1;4;0;4
311;B;2;;1;1;4;0;4
312;B;2;;1;1;4;0;4
313;B;4;;0;0;2;1;4
314;B;2;;1;1;4;0;4
315;B;2;;1;1;4;0;4
316;B;4;;0;0;2;1;4
317;B;4;;0;0;2;1;4
319;B;4;;0;0;2;1;4
320;B;2;;1;1;4;0;4
321;B;2;;1;0;2;2;4
322;B;2;;1;1;4;0;4
323;B;4;;0;0;2;1;4
324;B;4;;0;0;2;1;4
325;B;2;;1;1;4;0;4
326;B;4;;0;0;2;1;4
327;B;2;;1;1;4;0;4
328;B;2;;1;1;4;0;4
329;B;2;;1;1;4;0;4
330;B;4;;0;0;2;1;4
331;B;2;;1;1;4;0;4
332;B;2;;1;1;4;0;4
334;B;4;;0;0;2;1;4
335;B;4;;0;0;2;1;4
336;B;2;;1;1;4;0;4
337;B;4;;0;0;2;1;4
338;B;2;;1;1;4;0;4
339;B;4;;0;0;2;1;4
340;B;4;;0;0;2;1;4
341;B;2;;1;1;4;0;4
342;B;4;;0;0;2;1;4
343;B;4;;0;0;2;1;4
345;B;4;;0;0;2;1;4
348;B;4;;0;0;2;1;4
350;B;4;;0;0;2;1;4
351;B;2;;1;1;4;0;4
352;B;2;;1;1;4;0;4
353;B;2;;1;1;4;0;4
354;B;2;;1;1;4;0;4
355;B;4;;0;0;2;1;4
356;B;4;;0;0;2;1;4
357;B;2;;1;1;4;0;4
359;B;4;;0;0;2;1;4
360;B;4;;0;0;2;1;4
361;B;4;;0;0;2;1;4
362;B;4;;0;0;2;1;4
363;B;2;;1;1;4;0;4
364;B;2;;1;1;4;0;4
365;A;4;NovaColla_415;0;0;2;1;4
366;A;2;Colla_6;1;1;4;0;4
367;A;4;Colla_8;0;0;2;1;4
368;A;4;Colla_8;0;0;2;1;4
369;A;4;Colla_3;0;0;2;1;4
370;A;4;Colla_1;0;0;2;1;4
371;A;4;NovaColla_371;0;0;2;1;4
372;A;2;NovaColla_371;1;1;4;0;4
373;A;2;NovaColla_371;1;1;4;0;4
374;A;4;NovaColla_371;0;0;2;1;4
375;A;4;NovaColla_371;0;0;2;1;4
376;B;4;;0;0;2;1;4
378;A;4;NovaColla_371;0;0;2;1;4
379;B;4;;0;0;2;1;4
380;B;4;;0;0;2;1;4
381;B;4;;0;0;2;1;4
382;B;4;;0;0;2;1;4
383;B;4;;0;0;2;1;4
384;A;2;Colla_7;1;1;4;0;4
385;A;2;Colla_11;1;1;4;0;4
386;A;2;Colla_8;1;1;4;0;4
387;A;2;Colla_10;1;1;4;0;4
388;A;4;Colla_13;0;0;2;1;4
389;A;4;Colla_11;0;0;2;1;4
390;A;4;Colla_6;0;0;2;1;4
391;A;2;Colla_5;1;1;4;0;4
392;A;2;NovaColla_392;1;1;4;0;4
393;A;2;NovaColla_392;1;1;4;0;4
394;A;2;NovaColla_392;1;1;4;0;4
395;A;2;NovaColla_392;1;1;4;0;4
396;A;4;NovaColla_392;0;0;2;1;4
397;A;4;NovaColla_392;0;0;2;1;4
398;A;4;NovaColla_392;0;0;2;1;4
399;A;4;NovaColla_392;0;0;2;1;4
400;B;4;;0;0;2;1;4
401;B;2;;1;1;4;0;4
402;B;4;;0;0;2;1;4
403;A;2;NovaColla_415;1;1;4;0;4
404;B;4;;0;0;2;1;4
405;B;2;;1;1;4;0;4
406;B;2;;1;1;4;0;4
407;B;2;;1;1;4;0;4
408;B;4;;0;0;2;1;4
409;B;2;;1;1;4;0;4
410;B;2;;1;1;4;0;4
411;A;3;Colla_10;0;0;2;1;4
412;A;3;Colla_5;0;0;2;1;4
413;A;3;Colla_11;0;0;2;1;4
414;A;3;Colla_4;0;0;2;1;4
415;A;3;NovaColla_415;0;1;4;0;4
416;A;3;NovaColla_415;0;1;4;0;4
417;A;3;NovaColla_415;0;0;2;1;4
418;A;3;NovaColla_415;0;0;2;1;4
419;B;3;;0;0;2;1;4
420;B;3;;0;0;2;1;4
421;B;3;;0;0;2;1;4
422;B;3;;0;0;2;1;4
423;B;3;;0;0;2;1;4
424;B;3;;0;0;2;1;4
425;B;3;;0;0;2;1;4
426;B;3;;0;0;2;1;4
1;A;4;Colla_1;0;0;2;1;5
2;A;2;Colla_1;1;1;4;0;5
3;A;4;Colla_1;0;0;2;1;5
4;A;2;Colla_1;1;1;4;0;5
5;A;2;Colla_1;1;1;4;0;5
6;A;4;Colla_1;0;0;2;1;5
7;A;2;Colla_1;1;1;4;0;5
8;A;4;Colla_1;0;0;2;1;5
9;A;2;Colla_1;1;1;4;0;5
11;A;2;Colla_2;1;0;2;2;5
12;A;2;Colla_2;2;1;4;0;5
14;A;2;Colla_2;1;1;4;0;5
15;A;2;Colla_2;1;1;4;0;5
16;A;2;Colla_2;1;1;4;0;5
17;A;2;Colla_2;1;1;4;0;5
18;A;4;Colla_2;0;0;2;1;5
19;A;4;Colla_2;0;0;2;1;5
20;A;4;Colla_2;0;0;2;1;5
21;A;4;Colla_2;0;0;2;1;5
23;A;2;Colla_2;1;1;4;0;5
24;A;4;Colla_2;0;0;2;1;5
25;A;4;Colla_3;0;0;2;1;5
26;A;4;Colla_3;0;0;2;1;5
28;A;2;Colla_3;1;1;4;0;5
29;A;4;Colla_3;0;0;2;1;5
30;A;2;Colla_3;1;1;4;0;5
31;A;2;Colla_3;1;1;4;0;5
32;A;4;Colla_3;0;0;2;1;5
33;A;4;Colla_3;0;0;2;1;5
34;A;2;Colla_3;1;1;4;0;5
35;A;2;Colla_3;2;1;4;0;5
36;A;2;Colla_3;1;0;2;2;5
37;A;4;Colla_3;0;0;2;1;5
38;A;2;Colla_3;1;1;4;0;5
39;A;4;Colla_3;0;0;2;1;5
40;A;2;Colla_4;1;1;4;0;5
41;A;4;Colla_4;0;0;2;1;5
42;A;4;Colla_4;0;0;2;1;5
43;A;2;Colla_4;1;1;4;0;5
44;A;2;Colla_4;1;1;4;0;5
45;A;2;Colla_4;1;0;2;2;5
46;A;4;Colla_4;0;0;2;1;5
48;A;4;Colla_4;0;0;2;1;5
49;A;4;Colla_5;0;0;2;1;5
50;A;2;Colla_5;1;1;4;0;5
51;A;2;Colla_5;1;0;2;2;5
52;A;4;Colla_5;0;0;2;1;5
53;A;2;Colla_5;1;0;2;2;5
54;A;4;Colla_5;0;0;2;1;5
55;A;4;Colla_5;0;0;2;1;5
56;A;2;Colla_5;1;1;4;0;5
57;A;4;Colla_5;0;0;2;1;5
58;A;2;Colla_5;1;1;4;0;5
59;A;2;Colla_5;1;1;4;0;5
60;A;2;Colla_5;1;1;4;0;5
61;A;2;Colla_5;2;1;4;0;5
62;A;2;Colla_5;1;1;4;0;5
64;A;4;Colla_5;0;0;2;1;5
65;A;2;Colla_5;1;1;4;0;5
66;A;2;Colla_5;1;1;4;0;5
67;A;4;Colla_5;0;0;2;1;5
68;A;2;Colla_6;1;1;4;0;5
69;A;2;Colla_6;1;0;2;2;5
71;A;4;Colla_6;0;0;2;1;5
72;A;2;Colla_6;1;1;4;0;5
73;A;4;Colla_6;0;0;2;1;5
75;A;2;Colla_6;1;1;4;0;5
76;A;4;Colla_6;0;0;2;1;5
77;A;2;Colla_7;1;1;4;0;5
78;A;2;Colla_7;1;1;4;0;5
79;A;4;Colla_7;0;0;2;1;5
80;A;2;Colla_7;1;1;4;0;5
82;A;2;Colla_7;1;0;2;2;5
83;A;2;Colla_7;1;0;2;2;5
84;A;4;Colla_7;0;0;2;1;5
85;A;2;Colla_7;2;1;4;0;5
86;A;2;Colla_7;1;1;4;0;5
87;A;4;Colla_7;0;0;2;1;5
88;A;4;Colla_7;0;0;2;1;5
89;A;4;Colla_7;0;0;2;1;5
90;A;2;Colla_7;1;1;4;0;5
91;A;2;Colla_7;1;1;4;0;5
92;A;2;Colla_8;2;1;4;0;5
93;A;4;Colla_8;0;0;2;1;5
94;A;2;Colla_8;1;1;4;0;5
95;A;2;Colla_8;1;1;4;0;5
96;A;2;Colla_8;1;0;2;2;5
97;A;2;Colla_8;1;1;4;0;5
98;A;2;Colla_8;2;1;4;0;5
99;A;4;Colla_8;0;0;2;1;5
101;A;4;Colla_8;0;0;2;1;5
102;A;4;Colla_8;0;0;2;1;5
103;A;2;Colla_9;1;1;4;0;5
104;A;4;Colla_9;0;0;2;1;5
105;A;2;Colla_9;1;1;4;0;5
106;A;4;Colla_9;0;0;2;1;5
107;A;4;Colla_9;0;0;2;1;5
108;A;4;Colla_9;0;0;2;1;5
109;A;2;Colla_9;1;1;4;0;5
110;A;2;Colla_9;1;1;4;0;5
111;A;4;Colla_10;0;0;2;1;5
112;A;2;Colla_10;1;1;4;0;5
113;A;2;Colla_10;1;1;4;0;5
114;A;2;Colla_10;2;1;4;0;5
115;A;2;Colla_10;1;1;4;0;5
116;A;4;Colla_10;0;0;2;1;5
117;A;4;Colla_10;0;0;2;1;5
118;A;2;Colla_10;1;1;4;0;5
119;A;2;Colla_10;1;0;2;2;5
120;A;2;Colla_10;1;1;4;0;5
121;A;2;Colla_10;1;1;4;0;5
122;A;2;Colla_10;1;1;4;0;5
123;A;4;Colla_10;0;0;2;1;5
124;A;4;Colla_10;0;0;2;1;5
125;A;4;Colla_10;0;0;2;1;5
126;A;4;Colla_10;0;0;2;1;5
127;A;2;Colla_10;1;1;4;0;5
128;A;2;Colla_10;1;0;2;2;5
129;A;4;Colla_10;0;0;2;1;5
131;A;2;Colla_11;1;1;4;0;5
132;A;4;Colla_11;0;0;2;1;5
133;A;4;Colla_11;0;0;2;1;5
135;A;2;Colla_11;1;1;4;0;5
136;A;4;Colla_11;0;0;2;1;5
137;A;2;Colla_11;1;1;4;0;5
138;A;2;Colla_11;1;1;4;0;5
139;A;2;Colla_11;1;1;4;0;5
140;A;2;Colla_11;1;1;4;0;5
141;A;4;Colla_11;0;0;2;1;5
142;A;4;Colla_11;0;0;2;1;5
143;A;2;Colla_11;1;1;4;0;5
144;A;2;Colla_11;1;1;4;0;5
146;A;2;Colla_11;1;1;4;0;5
148;A;4;Colla_11;0;0;2;1;5
149;A;4;Colla_11;0;0;2;1;5
150;A;4;Colla_12;0;0;2;1;5
151;A;2;Colla_12;1;0;2;2;5
152;A;4;Colla_12;0;0;2;1;5
153;A;2;Colla_12;1;1;4;0;5
154;A;2;Colla_12;1;1;4;0;5
155;A;4;Colla_12;0;0;2;1;5
156;A;2;Colla_12;1;1;4;0;5
157;A;4;Colla_12;0;0;2;1;5
158;A;2;Colla_12;1;1;4;0;5
159;A;4;Colla_12;0;0;2;1;5
160;A;2;Colla_12;1;1;4;0;5
161;A;2;Colla_13;1;1;4;0;5
162;A;4;Colla_13;0;0;2;1;5
163;A;2;Colla_13;1;1;4;0;5
164;A;4;Colla_13;0;0;2;1;5
165;A;2;Colla_13;1;1;4;0;5
166;A;4;Colla_13;0;0;2;1;5
167;A;4;Colla_13;0;0;2;1;5
168;A;2;Colla_13;1;1;4;0;5
169;A;2;Colla_13;2;1;4;0;5
170;A;4;Colla_13;0;0;2;1;5
171;A;2;Colla_13;1;1;4;0;5
172;A;2;Colla_13;1;0;2;2;5
173;A;4;Colla_13;0;0;2;1;5
175;A;2;Colla_13;1;0;2;2;5
176;B;2;;1;0;2;2;5
177;B;2;;1;1;4;0;5
178;B;2;;1;1;4;0;5
179;B;4;;0;0;2;1;5
181;B;4;;0;0;2;1;5
182;B;2;;2;1;4;0;5
183;B;2;;1;1;4;0;5
184;B;2;;1;1;4;0;5
185;B;2;;1;1;4;0;5
186;B;2;;1;1;4;0;5
187;B;4;;0;0;2;1;5
188;B;2;;1;0;2;2;5
189;B;4;;0;0;2;1;5
190;B;4;;0;0;2;1;5
191;B;2;;1;0;2;2;5
192;B;2;;1;0;2;2;5
193;B;2;;1;1;4;0;5
194;B;2;;2;1;4;0;5
195;B;2;;1;1;4;0;5
196;B;2;;1;1;4;0;5
197;B;2;;1;1;4;0;5
198;B;2;;2;1;4;0;5
199;A;4;NovaColla_371;0;0;2;1;5
200;B;4;;0;0;2;1;5
201;B;4;;0;0;2;1;5
202;B;2;;1;1;4;0;5
204;B;4;;0;0;2;1;5
205;B;2;;1;1;4;0;5
206;B;2;;1;1;4;0;5
207;B;4;;0;0;2;1;5
208;B;2;;1;1;4;0;5
209;B;4;;0;0;2;1;5
210;B;4;;0;0;2;1;5
211;B;2;;1;1;4;0;5
212;B;4;;0;0;2;1;5
213;B;4;;0;0;2;1;5
214;B;2;;1;1;4;0;5
215;B;4;;0;0;2;1;5
216;B;4;;0;0;2;1;5
217;B;2;;1;0;2;2;5
218;B;2;;1;1;4;0;5
219;B;2;;1;1;4;0;5
220;B;4;;0;0;2;1;5
221;B;4;;0;0;2;1;5
222;B;4;;0;0;2;1;5
223;B;4;;0;0;2;1;5
224;B;4;;0;0;2;1;5
225;B;2;;1;1;4;0;5
226;B;4;;0;0;2;1;5
227;A;4;NovaColla_371;0;0;2;1;5
229;B;4;;0;0;2;1;5
230;B;2;;1;1;4;0;5
231;B;4;;0;0;2;1;5
232;B;2;;1;1;4;0;5
233;B;2;;1;0;2;2;5
234;B;4;;0;0;2;1;5
236;B;4;;0;0;2;1;5
237;B;4;;0;0;2;1;5
238;B;4;;0;0;2;1;5
239;B;4;;0;0;2;1;5
240;B;4;;0;0;2;1;5
241;B;4;;0;0;2;1;5
242;B;4;;0;0;2;1;5
245;B;2;;1;1;4;0;5
246;B;4;;0;0;2;1;5
247;B;2;;1;1;4;0;5
248;B;2;;1;1;4;0;5
249;B;2;;1;1;4;0;5
250;B;2;;1;1;4;0;5
251;B;2;;1;1;4;0;5
252;B;4;;0;0;2;1;5
253;B;4;;0;0;2;1;5
254;A;2;NovaColla_415;1;1;4;0;5
255;B;4;;0;0;2;1;5
257;A;4;NovaColla_415;0;0;2;1;5
258;B;2;;1;0;2;2;5
259;B;4;;0;0;2;1;5
260;B;2;;2;1;4;0;5
262;B;4;;0;0;2;1;5
264;B;4;;0;0;2;1;5
265;B;2;;1;1;4;0;5
266;B;2;;1;1;4;0;5
267;B;2;;1;1;4;0;5
268;B;4;;0;0;2;1;5
269;B;4;;0;0;2;1;5
270;B;2;;1;1;4;0;5
272;A;2;NovaColla_434;1;1;4;0;5
273;B;2;;1;1;4;0;5
274;B;2;;1;1;4;0;5
275;B;4;;0;0;2;1;5
276;B;4;;0;0;2;1;5
277;B;4;;0;0;2;1;5
278;B;2;;1;1;4;0;5
279;B;2;;1;1;4;0;5
280;B;4;;0;0;2;1;5
282;B;2;;1;1;4;0;5
283;B;2;;1;1;4;0;5
284;B;2;;1;1;4;0;5
285;B;2;;1;1;4;0;5
286;B;2;;1;1;4;0;5
288;B;2;;1;1;4;0;5
289;B;2;;1;1;4;0;5
290;B;2;;1;1;4;0;5
291;B;4;;0;0;2;1;5
293;B;2;;1;0;2;2;5
294;B;2;;2;1;4;0;5
295;B;4;;0;0;2;1;5
296;B;2;;1;1;4;0;5
297;B;2;;1;1;4;0;5
299;B;2;;1;1;4;0;5
300;B;2;;1;0;2;2;5
301;B;4;;0;0;2;1;5
303;B;4;;0;0;2;1;5
304;B;4;;0;0;2;1;5
305;B;4;;0;0;2;1;5
306;B;2;;1;0;2;2;5
307;B;4;;0;0;2;1;5
308;B;2;;1;0;2;2;5
309;B;4;;0;0;2;1;5
310;B;4;;0;0;2;1;5
311;B;4;;0;0;2;1;5
312;B;4;;0;0;2;1;5
313;B;2;;1;1;4;0;5
314;B;4;;0;0;2;1;5
315;B;4;;0;0;2;1;5
316;B;2;;1;1;4;0;5
317;B;2;;1;1;4;0;5
319;B;2;;1;1;4;0;5
320;B;4;;0;0;2;1;5
321;B;2;;2;1;4;0;5
322;B;4;;0;0;2;1;5
323;B;2;;1;1;4;0;5
324;B;2;;1;1;4;0;5
325;B;4;;0;0;2;1;5
326;B;2;;1;1;4;0;5
327;B;4;;0;0;2;1;5
328;B;4;;0;0;2;1;5
329;B;4;;0;0;2;1;5
330;B;2;;1;0;2;2;5
331;B;4;;0;0;2;1;5
332;B;4;;0;0;2;1;5
335;B;2;;1;1;4;0;5
336;B;4;;0;0;2;1;5
337;B;2;;1;0;2;2;5
338;B;4;;0;0;2;1;5
339;B;2;;1;1;4;0;5
340;B;2;;1;1;4;0;5
341;B;4;;0;0;2;1;5
342;B;2;;1;1;4;0;5
343;B;2;;1;1;4;0;5
345;B;2;;1;1;4;0;5
348;B;2;;1;1;4;0;5
350;B;2;;1;1;4;0;5
351;B;4;;0;0;2;1;5
352;B;4;;0;0;2;1;5
353;B;4;;0;0;2;1;5
354;B;4;;0;0;2;1;5
355;B;2;;1;1;4;0;5
356;B;2;;1;1;4;0;5
357;B;4;;0;0;2;1;5
359;B;2;;1;1;4;0;5
360;B;2;;1;1;4;0;5
361;B;2;;1;1;4;0;5
362;B;2;;1;1;4;0;5
363;B;4;;0;0;2;1;5
364;B;4;;0;0;2;1;5
365;A;2;NovaColla_415;1;1;4;0;5
366;A;4;Colla_6;0;0;2;1;5
367;A;2;Colla_8;1;0;2;2;5
368;A;2;Colla_8;1;1;4;0;5
369;A;2;Colla_3;1;1;4;0;5
370;A;2;Colla_1;1;0;2;2;5
371;A;2;NovaColla_371;1;1;4;0;5
372;A;4;NovaColla_371;0;0;2;1;5
373;A;4;NovaColla_371;0;0;2;1;5
374;A;2;NovaColla_371;1;1;4;0;5
375;A;2;NovaColla_371;1;1;4;0;5
376;B;2;;1;1;4;0;5
378;A;2;NovaColla_371;1;1;4;0;5
379;B;2;;1;1;4;0;5
380;B;2;;1;1;4;0;5
381;B;2;;1;1;4;0;5
382;B;2;;1;1;4;0;5
383;B;2;;1;1;4;0;5
384;A;4;Colla_7;0;0;2;1;5
385;A;4;Colla_11;0;0;2;1;5
386;A;4;Colla_8;0;0;2;1;5
387;A;4;Colla_10;0;0;2;1;5
388;A;2;Colla_13;1;1;4;0;5
389;A;2;Colla_11;1;0;2;2;5
390;A;2;Colla_6;1;1;4;0;5
391;A;4;Colla_5;0;0;2;1;5
392;A;4;NovaColla_392;0;0;2;1;5
393;A;4;NovaColla_392;0;0;2;1;5
394;A;4;NovaColla_392;0;0;2;1;5
395;A;4;NovaColla_392;0;0;2;1;5
396;A;2;NovaColla_392;1;1;4;0;5
397;A;2;NovaColla_392;1;1;4;0;5
398;A;2;NovaColla_392;1;1;4;0;5
399;A;2;NovaColla_392;1;1;4;0;5
400;B;2;;1;1;4;0;5
401;B;4;;0;0;2;1;5
402;B;2;;1;1;4;0;5
403;A;4;NovaColla_415;0;0;2;1;5
404;B;2;;1;1;4;0;5
405;B;4;;0;0;2;1;5
407;B;4;;0;0;2;1;5
408;B;2;;1;1;4;0;5
409;B;4;;0;0;2;1;5
410;B;4;;0;0;2;1;5
411;A;2;Colla_10;1;0;2;2;5
412;A;2;Colla_5;1;0;2;2;5
413;A;2;Colla_11;1;1;4;0;5
414;A;2;Colla_4;1;1;4;0;5
415;A;4;NovaColla_415;0;0;2;1;5
416;A;4;NovaColla_415;0;0;2;1;5
417;A;2;NovaColla_415;1;1;4;0;5
418;A;2;NovaColla_415;1;1;4;0;5
419;B;2;;1;1;4;0;5
420;B;2;;1;1;4;0;5
421;B;2;;1;0;2;2;5
422;B;2;;1;1;4;0;5
423;B;2;;1;1;4;0;5
424;B;2;;1;1;4;0;5
425;B;2;;1;1;4;0;5
426;B;2;;1;1;4;0;5
427;A;3;Colla_9;0;0;2;1;5
428;A;3;Colla_11;0;0;2;1;5
429;A;3;Colla_11;0;0;2;1;5
430;A;3;NovaColla_415;0;0;2;1;5
431;A;3;Colla_1;0;0;2;1;5
432;A;3;Colla_9;0;1;4;0;5
433;A;3;Colla_3;0;0;2;1;5
434;A;3;NovaColla_434;0;0;2;1;5
435;A;3;NovaColla_434;0;1;4;0;5
436;A;3;NovaColla_434;0;1;4;0;5
437;A;3;NovaColla_434;0;1;4;0;5
438;A;3;NovaColla_434;0;0;2;1;5
439;A;3;NovaColla_434;0;0;2;1;5
440;A;3;NovaColla_434;0;0;2;1;5
441;B;3;;0;0;2;1;5
442;B;3;;0;0;2;1;5
443;B;3;;0;0;2;1;5
444;B;3;;0;0;2;1;5
445;B;3;;0;0;2;1;5
446;B;3;;0;0;2;1;5
447;B;3;;0;0;2;1;5
448;B;3;;0;0;2;1;5
449;B;3;;0;0;2;1;5
450;B;3;;0;0;2;1;5
451;B;3;;0;0;2;1;5
1;A;2;Colla_1;1;1;4;0;6
2;A;4;Colla_1;0;0;2;1;6
3;A;2;Colla_1;1;1;4;0;6
4;A;4;Colla_1;0;0;2;1;6
5;A;4;Colla_1;0;0;2;1;6
6;A;2;Colla_1;1;1;4;0;6
7;A;4;Colla_1;0;0;2;1;6
8;A;2;Colla_1;1;1;4;0;6
9;A;4;Colla_1;0;0;2;1;6
11;A;2;Colla_2;2;1;4;0;6
12;A;4;Colla_2;0;0;2;1;6
14;A;4;Colla_2;0;0;2;1;6
15;A;4;Colla_2;0;0;2;1;6
16;A;4;Colla_2;0;0;2;1;6
17;A;4;Colla_2;0;0;2;1;6
18;A;2;Colla_2;1;1;4;0;6
19;A;2;Colla_2;1;1;4;0;6
20;A;2;Colla_2;1;1;4;0;6
21;A;2;Colla_2;1;1;4;0;6
23;A;4;Colla_2;0;0;2;1;6
24;A;2;Colla_2;1;1;4;0;6
25;A;2;Colla_3;1;1;4;0;6
26;A;2;Colla_3;1;1;4;0;6
28;A;4;Colla_3;0;0;2;1;6
29;A;2;Colla_3;1;1;4;0;6
30;A;4;Colla_3;0;0;2;1;6
31;A;4;Colla_3;0;0;2;1;6
32;A;2;Colla_3;1;1;4;0;6
34;A;4;Colla_3;0;0;2;1;6
35;A;4;Colla_3;0;0;2;1;6
36;A;2;Colla_3;2;1;4;0;6
37;A;2;Colla_3;1;1;4;0;6
38;A;4;Colla_3;0;0;2;1;6
39;A;2;Colla_3;1;1;4;0;6
40;A;4;Colla_4;0;0;2;1;6
41;A;2;Colla_4;1;1;4;0;6
42;A;2;Colla_4;1;0;2;2;6
44;A;4;Colla_4;0;0;2;1;6
45;A;2;Colla_4;2;1;4;0;6
46;A;2;Colla_4;1;1;4;0;6
48;A;2;Colla_4;1;1;4;0;6
49;A;2;Colla_5;1;1;4;0;6
50;A;4;Colla_5;0;0;2;1;6
51;A;2;Colla_5;2;1;4;0;6
52;A;2;Colla_5;1;1;4;0;6
53;A;2;Colla_5;2;1;4;0;6
54;A;2;Colla_5;1;1;4;0;6
55;A;2;Colla_5;1;0;2;2;6
56;A;4;Colla_5;0;0;2;1;6
57;A;2;Colla_5;1;1;4;0;6
58;A;4;Colla_5;0;0;2;1;6
59;A;4;Colla_5;0;0;2;1;6
60;A;4;Colla_5;0;0;2;1;6
61;A;4;Colla_5;0;0;2;1;6
62;A;4;Colla_5;0;0;2;1;6
64;A;2;Colla_5;1;1;4;0;6
65;A;4;Colla_5;0;0;2;1;6
66;A;4;Colla_5;0;0;2;1;6
67;A;2;Colla_5;1;1;4;0;6
68;A;4;Colla_6;0;0;2;1;6
69;A;2;Colla_6;2;1;4;0;6
71;A;2;Colla_6;1;1;4;0;6
72;A;4;Colla_6;0;0;2;1;6
73;A;2;Colla_6;1;1;4;0;6
75;A;4;Colla_6;0;0;2;1;6
76;A;2;Colla_6;1;1;4;0;6
77;A;4;Colla_7;0;0;2;1;6
78;A;4;Colla_7;0;0;2;1;6
79;A;2;Colla_7;1;1;4;0;6
80;A;4;Colla_7;0;0;2;1;6
82;A;2;Colla_7;2;1;4;0;6
83;A;2;Colla_7;2;1;4;0;6
84;A;2;Colla_7;1;1;4;0;6
85;A;4;Colla_7;0;0;2;1;6
86;A;4;Colla_7;0;0;2;1;6
87;A;2;Colla_7;1;1;4;0;6
88;A;2;Colla_7;1;1;4;0;6
89;A;2;Colla_7;1;0;2;2;6
90;A;4;Colla_7;0;0;2;1;6
91;A;4;Colla_7;0;0;2;1;6
92;A;4;Colla_8;0;0;2;1;6
93;A;2;Colla_8;1;1;4;0;6
94;A;4;Colla_8;0;0;2;1;6
95;A;4;Colla_8;0;0;2;1;6
96;A;2;Colla_8;2;1;4;0;6
97;A;4;Colla_8;0;0;2;1;6
98;A;4;Colla_8;0;0;2;1;6
99;A;2;Colla_8;1;1;4;0;6
101;A;2;Colla_8;1;1;4;0;6
102;A;2;Colla_8;1;1;4;0;6
103;A;4;Colla_9;0;0;2;1;6
104;A;2;Colla_9;1;1;4;0;6
105;A;4;Colla_9;0;0;2;1;6
106;A;2;Colla_9;1;1;4;0;6
107;A;2;Colla_9;1;1;4;0;6
108;A;2;Colla_9;1;1;4;0;6
109;A;4;Colla_9;0;0;2;1;6
110;A;4;Colla_9;0;0;2;1;6
111;A;2;Colla_10;1;1;4;0;6
112;A;4;Colla_10;0;0;2;1;6
113;A;4;Colla_10;0;0;2;1;6
114;A;4;Colla_10;0;0;2;1;6
115;A;4;Colla_10;0;0;2;1;6
116;A;2;Colla_10;1;0;2;2;6
117;A;2;Colla_10;1;1;4;0;6
118;A;4;Colla_10;0;0;2;1;6
119;A;2;Colla_10;2;1;4;0;6
120;A;4;Colla_10;0;0;2;1;6
121;A;4;Colla_10;0;0;2;1;6
122;A;4;Colla_10;0;0;2;1;6
124;A;2;Colla_10;1;1;4;0;6
125;A;2;Colla_10;1;1;4;0;6
126;A;2;Colla_10;1;1;4;0;6
127;A;4;Colla_10;0;0;2;1;6
128;A;2;Colla_10;2;1;4;0;6
129;A;2;Colla_10;1;1;4;0;6
131;A;4;Colla_11;0;0;2;1;6
132;A;2;Colla_11;1;1;4;0;6
133;A;2;Colla_11;1;1;4;0;6
135;A;4;Colla_11;0;0;2;1;6
136;A;2;Colla_11;1;1;4;0;6
137;A;4;Colla_11;0;0;2;1;6
138;A;4;Colla_11;0;0;2;1;6
139;A;4;Colla_11;0;0;2;1;6
140;A;4;Colla_11;0;0;2;1;6
141;A;2;Colla_11;1;1;4;0;6
142;A;2;Colla_11;1;1;4;0;6
143;A;4;Colla_11;0;0;2;1;6
144;A;4;Colla_11;0;0;2;1;6
146;A;4;Colla_11;0;0;2;1;6
148;A;2;Colla_11;1;1;4;0;6
149;A;2;Colla_11;1;1;4;0;6
150;A;2;Colla_12;1;1;4;0;6
152;A;2;Colla_12;1;1;4;0;6
153;A;4;Colla_12;0;0;2;1;6
154;A;4;Colla_12;0;0;2;1;6
155;A;2;Colla_12;1;1;4;0;6
156;A;4;Colla_12;0;0;2;1;6
157;A;2;Colla_12;1;1;4;0;6
158;A;4;Colla_12;0;0;2;1;6
159;A;2;Colla_12;1;1;4;0;6
160;A;4;Colla_12;0;0;2;1;6
161;A;4;Colla_13;0;0;2;1;6
162;A;2;Colla_13;1;1;4;0;6
163;A;4;Colla_13;0;0;2;1;6
164;A;2;Colla_13;1;1;4;0;6
165;A;4;Colla_13;0;0;2;1;6
166;A;2;Colla_13;1;1;4;0;6
167;A;2;Colla_13;1;1;4;0;6
168;A;4;Colla_13;0;0;2;1;6
169;A;4;Colla_13;0;0;2;1;6
170;A;2;Colla_13;1;1;4;0;6
171;A;4;Colla_13;0;0;2;1;6
172;A;2;Colla_13;2;1;4;0;6
173;A;2;Colla_13;1;1;4;0;6
175;A;2;Colla_13;2;1;4;0;6
176;B;2;;2;1;4;0;6
177;B;4;;0;0;2;1;6
178;B;4;;0;0;2;1;6
179;B;2;;1;1;4;0;6
181;B;2;;1;1;4;0;6
182;B;4;;0;0;2;1;6
183;B;4;;0;0;2;1;6
185;B;4;;0;0;2;1;6
186;B;4;;0;0;2;1;6
187;B;2;;1;0;2;2;6
188;B;2;;2;1;4;0;6
189;B;2;;1;1;4;0;6
190;B;2;;1;1;4;0;6
191;B;2;;2;1;4;0;6
192;B;2;;2;1;4;0;6
193;B;4;;0;0;2;1;6
194;B;4;;0;0;2;1;6
195;B;4;;0;0;2;1;6
196;B;4;;0;0;2;1;6
197;B;4;;0;0;2;1;6
198;B;4;;0;0;2;1;6
199;A;2;NovaColla_371;1;1;4;0;6
200;B;2;;1;1;4;0;6
201;B;2;;1;1;4;0;6
202;B;4;;0;0;2;1;6
204;B;2;;1;1;4;0;6
205;B;4;;0;0;2;1;6
206;A;4;NovaColla_456;0;0;2;1;6
208;B;4;;0;0;2;1;6
209;B;2;;1;1;4;0;6
210;B;2;;1;0;2;2;6
211;B;4;;0;0;2;1;6
212;B;2;;1;1;4;0;6
213;B;2;;1;1;4;0;6
214;B;4;;0;0;2;1;6
215;B;2;;1;1;4;0;6
216;B;2;;1;0;2;2;6
217;B;2;;2;1;4;0;6
218;B;4;;0;0;2;1;6
219;B;4;;0;0;2;1;6
220;B;2;;1;1;4;0;6
221;B;2;;1;1;4;0;6
222;B;2;;1;1;4;0;6
223;B;2;;1;1;4;0;6
224;B;2;;1;1;4;0;6
225;B;4;;0;0;2;1;6
226;B;2;;1;1;4;0;6
227;A;2;NovaColla_371;1;1;4;0;6
229;B;2;;1;1;4;0;6
230;B;4;;0;0;2;1;6
231;B;2;;1;1;4;0;6
232;A;4;NovaColla_456;0;0;2;1;6
233;B;2;;2;1;4;0;6
234;B;2;;1;1;4;0;6
236;B;2;;1;1;4;0;6
237;B;2;;1;0;2;2;6
238;B;2;;1;1;4;0;6
239;B;2;;1;1;4;0;6
240;B;2;;1;1;4;0;6
241;B;2;;1;0;2;2;6
242;B;2;;1;1;4;0;6
245;B;4;;0;0;2;1;6
246;B;2;;1;1;4;0;6
247;B;4;;0;0;2;1;6
248;B;4;;0;0;2;1;6
249;B;4;;0;0;2;1;6
250;B;4;;0;0;2;1;6
251;B;4;;0;0;2;1;6
252;B;2;;1;1;4;0;6
253;B;2;;1;1;4;0;6
254;A;4;NovaColla_415;0;0;2;1;6
255;B;2;;1;1;4;0;6
257;A;2;NovaColla_415;1;1;4;0;6
258;B;2;;2;1;4;0;6
259;B;2;;1;1;4;0;6
260;B;4;;0;0;2;1;6
262;B;2;;1;1;4;0;6
264;B;2;;1;1;4;0;6
265;B;4;;0;0;2;1;6
266;B;4;;0;0;2;1;6
267;A;4;NovaColla_456;0;0;2;1;6
268;B;2;;1;1;4;0;6
269;B;2;;1;1;4;0;6
272;A;4;NovaColla_434;0;0;2;1;6
273;B;4;;0;0;2;1;6
274;B;4;;0;0;2;1;6
275;B;2;;1;1;4;0;6
276;B;2;;1;1;4;0;6
277;B;2;;1;1;4;0;6
278;B;4;;0;0;2;1;6
279;B;4;;0;0;2;1;6
280;B;2;;1;1;4;0;6
282;B;4;;0;0;2;1;6
283;B;4;;0;0;2;1;6
284;B;4;;0;0;2;1;6
285;B;4;;0;0;2;1;6
286;B;4;;0;0;2;1;6
288;B;4;;0;0;2;1;6
289;B;4;;0;0;2;1;6
290;B;4;;0;0;2;1;6
291;B;2;;1;1;4;0;6
293;B;2;;2;1;4;0;6
294;B;4;;0;0;2;1;6
295;B;2;;1;0;2;2;6
296;B;4;;0;0;2;1;6
297;B;4;;0;0;2;1;6
299;B;4;;0;0;2;1;6
300;B;2;;2;1;4;0;6
301;B;2;;1;1;4;0;6
303;B;2;;1;1;4;0;6
304;B;2;;1;1;4;0;6
305;B;2;;1;1;4;0;6
306;B;2;;2;1;4;0;6
307;B;2;;1;1;4;0;6
308;B;2;;2;1;4;0;6
309;B;2;;1;1;4;0;6
310;B;2;;1;1;4;0;6
312;B;2;;1;1;4;0;6
313;B;4;;0;0;2;1;6
314;B;2;;1;1;4;0;6
315;B;2;;1;1;4;0;6
316;B;4;;0;0;2;1;6
317;B;4;;0;0;2;1;6
319;B;4;;0;0;2;1;6
320;B;2;;1;1;4;0;6
321;B;4;;0;0;2;1;6
322;B;2;;1;1;4;0;6
323;B;4;;0;0;2;1;6
324;B;4;;0;0;2;1;6
325;B;2;;1;1;4;0;6
326;B;4;;0;0;2;1;6
327;B;2;;1;1;4;0;6
328;B;2;;1;1;4;0;6
329;B;2;;1;1;4;0;6
330;B;2;;2;1;4;0;6
331;B;2;;1;1;4;0;6
332;B;2;;1;1;4;0;6
335;B;4;;0;0;2;1;6
336;B;2;;1;1;4;0;6
337;B;2;;2;1;4;0;6
338;B;2;;1;1;4;0;6
339;B;4;;0;0;2;1;6
340;B;4;;0;0;2;1;6
341;B;2;;1;1;4;0;6
342;B;4;;0;0;2;1;6
343;B;4;;0;0;2;1;6
345;B;4;;0;0;2;1;6
348;B;4;;0;0;2;1;6
350;B;4;;0;0;2;1;6
351;B;2;;1;1;4;0;6
352;B;2;;1;1;4;0;6
353;B;2;;1;1;4;0;6
354;B;2;;1;1;4;0;6
355;B;4;;0;0;2;1;6
356;B;4;;0;0;2;1;6
357;B;2;;1;1;4;0;6
359;B;4;;0;0;2;1;6
360;B;4;;0;0;2;1;6
361;B;4;;0;0;2;1;6
362;B;4;;0;0;2;1;6
363;B;2;;1;1;4;0;6
364;B;2;;1;1;4;0;6
365;A;4;NovaColla_415;0;0;2;1;6
366;A;2;Colla_6;1;1;4;0;6
367;A;2;Colla_8;2;1;4;0;6
368;A;4;Colla_8;0;0;2;1;6
369;A;4;Colla_3;0;0;2;1;6
370;A;2;Colla_1;2;1;4;0;6
371;A;4;NovaColla_371;0;0;2;1;6
372;A;2;NovaColla_371;1;1;4;0;6
373;A;2;NovaColla_371;1;1;4;0;6
374;A;4;NovaColla_371;0;0;2;1;6
375;A;4;NovaColla_371;0;0;2;1;6
376;B;4;;0;0;2;1;6
378;A;4;NovaColla_371;0;0;2;1;6
379;B;4;;0;0;2;1;6
380;B;4;;0;0;2;1;6
381;B;4;;0;0;2;1;6
382;B;4;;0;0;2;1;6
383;B;4;;0;0;2;1;6
384;A;2;Colla_7;1;1;4;0;6
385;A;2;Colla_11;1;1;4;0;6
386;A;2;Colla_8;1;1;4;0;6
387;A;2;Colla_10;1;1;4;0;6
388;A;4;Colla_13;0;0;2;1;6
389;A;2;Colla_11;2;1;4;0;6
390;A;4;Colla_6;0;0;2;1;6
391;A;2;Colla_5;1;1;4;0;6
392;A;2;NovaColla_392;1;1;4;0;6
393;A;2;NovaColla_392;1;1;4;0;6
394;A;2;NovaColla_392;1;1;4;0;6
395;A;2;NovaColla_392;1;1;4;0;6
396;A;4;NovaColla_392;0;0;2;1;6
397;A;4;NovaColla_392;0;0;2;1;6
398;A;4;NovaColla_392;0;0;2;1;6
399;A;4;NovaColla_392;0;0;2;1;6
400;B;4;;0;0;2;1;6
401;B;2;;1;1;4;0;6
402;B;4;;0;0;2;1;6
403;A;2;NovaColla_415;1;1;4;0;6
404;B;4;;0;0;2;1;6
405;B;2;;1;1;4;0;6
407;B;2;;1;1;4;0;6
408;B;4;;0;0;2;1;6
409;B;2;;1;1;4;0;6
410;B;2;;1;1;4;0;6
411;A;2;Colla_10;2;1;4;0;6
412;A;2;Colla_5;2;1;4;0;6
413;A;4;Colla_11;0;0;2;1;6
414;A;4;Colla_4;0;0;2;1;6
415;A;2;NovaColla_415;1;1;4;0;6
416;A;2;NovaColla_415;1;1;4;0;6
417;A;4;NovaColla_415;0;0;2;1;6
418;A;4;NovaColla_415;0;0;2;1;6
419;B;4;;0;0;2;1;6
420;B;4;;0;0;2;1;6
421;B;2;;2;1;4;0;6
422;B;4;;0;0;2;1;6
423;B;4;;0;0;2;1;6
424;B;4;;0;0;2;1;6
425;B;4;;0;0;2;1;6
426;B;4;;0;0;2;1;6
427;A;2;Colla_9;1;1;4;0;6
429;A;2;Colla_11;1;1;4;0;6
430;A;2;NovaColla_415;1;1;4;0;6
431;A;2;Colla_1;1;1;4;0;6
432;A;4;Colla_9;0;0;2;1;6
433;A;2;Colla_3;1;0;2;2;6
434;A;2;NovaColla_434;1;1;4;0;6
435;A;4;NovaColla_434;0;0;2;1;6
436;A;4;NovaColla_434;0;0;2;1;6
437;A;4;NovaColla_434;0;0;2;1;6
438;A;2;NovaColla_434;1;1;4;0;6
439;A;2;NovaColla_434;1;1;4;0;6
440;A;2;NovaColla_434;1;1;4;0;6
441;B;2;;1;1;4;0;6
442;B;2;;1;1;4;0;6
443;B;2;;1;1;4;0;6
444;B;2;;1;1;4;0;6
445;B;2;;1;1;4;0;6
446;B;2;;1;1;4;0;6
447;B;2;;1;1;4;0;6
448;B;2;;1;1;4;0;6
449;B;2;;1;1;4;0;6
450;B;2;;1;1;4;0;6
451;B;2;;1;1;4;0;6
452;A;3;NovaColla_371;0;1;4;0;6
453;A;3;NovaColla_434;0;1;4;0;6
454;A;3;Colla_11;0;0;2;1;6
455;A;3;Colla_13;0;0;2;1;6
456;A;3;NovaColla_456;0;1;4;0;6
457;A;3;NovaColla_456;0;1;4;0;6
458;A;3;NovaColla_456;0;0;2;1;6
459;A;3;NovaColla_456;0;1;4;0;6
460;B;3;;0;0;2;1;6
461;A;3;NovaColla_456;0;1;4;0;6
462;B;3;;0;0;2;1;6
463;B;3;;0;0;2;1;6
464;B;3;;0;0;2;1;6
465;B;3;;0;0;2;1;6
